sperm_id,Velocity,Straightness_Ratio,Angular_Displacement,Linearity,Curvature,ALH,BCF,Total_Distance,Displacement,Time_Elapsed,Label
1.0,4.080676563833607,0.005960436680447192,0.015307170709530669,0.2143938503396473,45.77731898348494,0.5092752221435936,4.637096774193548,20.24015575661469,0.12064016678969058,4.96,0
2.0,9.603175706711928,0.05635552965630933,0.007780962980415766,0.1262499623127642,16.891621184424245,1.4396313311668874,4.435483870967742,47.63175150529116,2.6843125845383926,4.96,0
3.0,60.231461753987446,0.7292962175218592,0.010486039802192601,0.6201071020052846,1.1926857142086684,4.687081490120083,5.555555555555555,86.73330492574192,63.254271215513626,1.44,0
4.0,7.671682840628671,0.05917495283323377,0.01888519221426249,0.03775230364574045,16.41193409148754,1.3867054519825819,1.9801980198019802,30.993598676139833,1.8340447397927513,4.04,0
5.0,29.66238713591939,0.49784777754620047,0.08295954231747693,0.14376736395207568,4.561323419341728,3.7750282884509034,4.166666666666667,28.475891650482613,14.176659371839175,0.96,0
6.0,8.041053059992763,0.02311819825743438,0.0072005867093482,0.45889696186743456,16.680765238634894,1.89684152258182,2.173913043478261,11.09665322279001,0.2565346291984576,1.38,0
7.0,43.910531471179624,0.15892049468261035,0.007146808844948882,0.35145917344348276,2.6395835943791783,12.329701802211313,1.814516129032258,217.79623609705095,34.61228558055394,4.96,0
8.0,7.899050487842101,0.038410402325200405,-0.011646739671112986,0.30453637277395196,19.106352750708016,1.1446360409156158,4.032258064516129,39.17929041969682,1.5048923078364247,4.96,0
9.0,7.733488642439764,0.10041936625757933,0.0005394728043771824,0.1616678172736924,30.876372390875687,2.646703335838447,1.4112903225806452,38.35810366650123,3.8518964610325837,4.96,0
10.0,14.497340565608342,0.011524025867060457,0.015425102567365623,0.06603179591006214,13.596537484939644,3.8129372028200037,4.435483870967742,71.90680920541737,0.8286559293010108,4.96,0
11.0,8.280617112644514,0.1202546171626884,-0.0467436941512345,0.12351020724464423,16.665397903159214,1.483546725559412,1.25,19.87348107034683,2.389877857804493,2.4,0
12.0,59.74950757471386,0.42249921556764175,-0.11292061846903856,0.47685606221812415,1.8222820696017483,5.763728194531152,4.545454545454546,52.579566665748196,22.214825671165137,0.88,0
13.0,26.921999019135413,0.32710471402911095,-0.0104690449688026,0.500500084580177,6.920361077334839,9.757035390602306,0.40322580645161293,133.53311513491164,43.67931143962162,4.96,0
14.0,12.698623676837565,0.34891250186975986,0.0009804285530629509,0.7071273450659833,12.45507225772304,2.9333796710799556,1.4112903225806452,62.98517343711433,21.976314444644302,4.96,0
15.0,101.7986796500634,0.1473596404876795,0.007915742583319214,0.3475161505577551,0.8343547570230225,9.115950259699437,2.8846153846153846,105.87062683606595,15.601057508767951,1.04,0
16.0,14.648866192009372,0.07002572782512549,0.012938848868580478,0.14650446201983824,12.949850097901837,4.264009235887485,3.629032258064516,72.65837631236649,5.087955683865321,4.96,0
17.0,45.515336905603,0.8343055122223252,-0.004753031401089086,0.9924093846462304,0.6754211985797243,4.419570354740178,4.57516339869281,139.2769309311452,116.1995112012625,3.06,1
18.0,54.845072505152004,0.5795106218559505,0.009915125136086495,0.9053522684951845,1.3923464357477293,11.323959803657901,0.8928571428571428,122.8529624115405,71.19459664395755,2.24,0
19.0,8.40889530322497,0.012108999854547305,0.006544173536326953,0.1474539369175656,23.966317344864105,1.5541309176071643,6.451612903225807,41.708120703995846,0.5050436275381271,4.96,0
20.0,39.852187624591174,0.737223195616552,0.007681768762417491,0.9626663780283746,1.2775981532310323,4.219625269578462,5.833333333333333,143.46787544852822,105.76784560648144,3.6,0
21.0,19.80163453363607,0.2850317424510968,0.007114725956117509,0.40571857138617373,12.59277580553534,5.994311880742413,4.393305439330543,94.6518130707804,26.978771205720037,4.78,0
22.0,100.51222757305622,0.1710011617088519,0.003354015477085115,0.20947887390474906,0.4890068027833677,45.77613524363838,0.40322580645161293,498.54064876235884,85.25103009744807,4.96,0
23.0,8.717858844178568,0.5977573141721451,-0.01690479346104548,0.9249219193250087,18.4067764330506,2.6013540858305966,2.4193548387096775,43.240579867125696,25.847372884619183,4.96,0
24.0,51.47462282060997,0.37858541754376174,0.004092552080784097,0.85016496450836,1.6008120096449487,25.750475034304312,0.22727272727272727,226.4883404106839,85.74518292317241,4.4,0
25.0,57.119504453577335,0.3745187157117125,0.016981714712932815,0.09875137061750472,1.3768007342930209,20.49186067698152,0.4716981132075471,242.1866988831679,90.70345142818329,4.24,0
26.0,57.32055266619933,0.7761901577559694,0.001816757883499032,0.9914120731581094,1.1845048770649276,9.56138373754452,0.40322580645161293,284.3099412243487,220.6785781305176,4.96,0
27.0,15.82687254814556,0.31998908829488515,0.0014588047925699044,0.33295520583384974,15.846329326445533,5.183687015100928,1.2195121951219512,38.93410646843808,12.458489232411491,2.46,0
28.0,10.24693253457344,0.11989294515734669,0.00024859441735205156,0.8318487465596498,20.927010041119036,3.7488416100782045,1.0080645161290323,50.82478537148427,6.0935332051772795,4.96,0
29.0,9.522507919078175,0.18022621989036403,-0.008045707910116811,0.01480951951161269,16.11402901256793,2.5804984680862684,1.6129032258064517,47.231639278627746,8.51237980641232,4.96,0
30.0,76.28955819227208,0.2470898577507765,0.002483196764853178,0.4958262422548345,2.0540895111123625,34.43027826581156,0.6756756756756757,225.81709224912538,55.797113201530365,2.96,0
31.0,10.432180142251447,0.18482741493112192,0.003007681896234973,0.3232482063605252,16.295150419132113,2.856567741124203,0.8064516129032259,51.743613505567176,9.56363832342907,4.96,0
32.0,89.98691823918067,0.24803910445764454,-0.008725739259687008,0.5709733675427096,1.0026256498214159,9.523541347682594,1.7857142857142856,50.39267421394118,12.499353783251806,0.56,0
33.0,36.23252510907234,0.3968167405404766,-0.00533140886534992,0.8865393620310699,3.8674348027592287,10.71182673767285,2.4193548387096775,179.71332454099883,71.313255676052,4.96,0
34.0,26.047693101333934,0.221530278112012,0.08486437980125054,0.8295932657443211,9.729757784801986,1.9027155334893744,2.586206896551724,30.21532399754736,6.693609128421217,1.16,0
35.0,17.382594549948763,0.0524954429824962,-0.002387748701314027,0.3762369693367902,10.387643934051855,4.348323270871287,2.132701421800948,73.35454900078378,3.8507795445773683,4.22,0
36.0,6.7063812660066535,0.028971088928502264,-0.008461028820646897,0.014184362586593613,32.915289563279956,1.4471633594034006,2.0161290322580645,33.263651079393,0.9636841935077649,4.96,0
37.0,16.331100603371244,0.13002781789600285,-0.010098602643705785,0.4430292313955706,10.28630785003523,4.089820459026605,2.34375,41.80761754463039,5.436153280758934,2.56,0
38.0,97.8482922674946,0.3311092220689461,-0.014924881298907058,0.7094898215479863,0.6719417039204829,12.741387493406451,2.8688524590163933,238.74983313268683,79.05227151765463,2.44,0
39.0,72.30886679796461,0.655356976749349,0.0032670379052644046,0.9043859134555583,1.1801442508931002,12.169784534727071,2.857142857142857,151.8486202757257,99.51505270745949,2.1,0
40.0,59.90985243452959,0.70898659887554,-0.002104668745933168,0.40078146399127856,1.1139976227785469,2.747402811044001,1.3513513513513513,44.3332908015519,31.431709062352546,0.74,0
41.0,10.951466546688351,0.15428500900371678,0.11764857787127417,0.10246103713716848,16.843525700360818,0.7102795668865657,6.8965517241379315,6.351850597079244,0.9799953265606348,0.58,0
42.0,8.541530280318865,0.014015472654715973,0.008407774655569081,0.1235215561572992,17.070949245567643,1.4815213831161642,2.0161290322580645,42.36599019038157,0.593779377003258,4.96,0
43.0,14.646329411767372,0.21594956650810693,0.023796490587428176,0.23031420585359652,12.936787069501504,4.069260853285618,1.4112903225806452,72.64579388236616,15.68782769753426,4.96,0
44.0,7.617938113131613,0.1313459136502121,0.008236119061561093,0.10605071816408562,21.560784764859903,7.515111668646758,0.0,37.7849730411328,4.9629018063362205,4.96,0
45.0,26.172162384830788,0.18775664975326528,-0.02957928086187054,0.41522020472680166,9.773492543206332,6.340984729319236,2.380952380952381,98.93077381466037,18.574910648938694,3.78,0
46.0,8.080016139901739,0.26623118273481994,0.014291482931250505,0.7514015887860324,20.399331793817943,1.3254373308844765,3.2258064516129035,40.076880053912625,10.669715177074671,4.96,0
47.0,52.10511069910272,0.424142538899633,0.06721566308355298,0.7176296195010438,1.3911407976300838,7.291102812594176,1.3888888888888888,37.51567970335395,15.911995637925976,0.72,0
48.0,13.633500824082633,0.03888892492776833,-0.0007661074318269167,0.06796405448497167,14.823217096298336,1.7263966988083133,2.8225806451612905,67.62216408744986,2.6297532626500693,4.96,0
49.0,27.134345018829116,0.2898348331164657,0.024971445641218285,0.6508919579810918,8.332853538421825,4.181280022659913,3.125,69.46392324820253,20.13306460225776,2.56,0
50.0,46.02369499802499,0.20625767029172934,0.021268225948097935,0.4666325954388284,1.877750327921961,13.647083886092439,0.6198347107438017,222.75468379044096,45.9448621251872,4.84,0
51.0,25.67781414596315,0.20036461458631347,0.5553923990782037,0.20810234150436802,11.610215823987804,0.9199763032455135,0.0,2.567781414596315,0.5144925334774895,0.1,0
52.0,53.113541152231505,0.6801788725243094,-0.05650541999478405,0.8379682947483245,1.052988190562656,2.8588667332179734,3.3333333333333335,15.934062345669451,10.838012561009501,0.3,0
53.0,18.91400872766393,0.18372981373574263,0.018651696014368554,0.12224079830705803,7.321851798304432,2.7337680280254273,2.272727272727273,33.288655360688516,6.116118448932632,1.76,0
54.0,10.898762909336401,0.1581711755768601,-0.019597326880092882,0.18352623614991226,18.178338149591337,3.6627559097657567,1.814516129032258,54.05786403030855,8.550395902847965,4.96,0
55.0,60.39806094720494,0.8381283538011993,0.017583616788168818,0.9248634594129186,1.5874283799765534,2.5628846960300726,11.11111111111111,32.61495291149067,27.33551679301131,0.54,1
56.0,81.33247882703435,0.18507128846581702,-0.08136194415038266,0.0004345269967982457,0.7704903071215606,17.928009560053447,0.0,76.45253009741228,14.149168251599747,0.94,0
57.0,10.604757877923008,0.02045897863983399,0.005109213879035574,0.002123821543012716,14.743831616664947,1.4765877210235059,6.818181818181818,37.32874773028899,0.7637080524657339,3.52,0
58.0,61.439344982728336,0.7265660591329783,0.012874231031552821,0.9378120312153269,3.6560606141818446,13.308560834359298,2.4193548387096775,228.55436333574943,166.05984306650234,3.72,0
59.0,16.689152840444443,0.20082167771277729,-0.0004996879552040696,0.5862142051102797,11.72511785941564,2.3480718311644795,3.4090909090909087,44.05936349877333,8.848075296780761,2.64,0
60.0,87.2701350683653,0.16904376004402272,-0.00830034448166184,0.2650592653167796,1.8446127861698538,69.0663314707437,0.8163265306122448,427.62366183499006,72.28711168038038,4.9,0
61.0,29.63243081010628,0.32530681133096384,0.008345157566628663,0.3490106423787481,4.09938612401422,18.451277005664654,0.9302325581395349,127.419452483457,41.450415788930655,4.3,0
62.0,123.3694558177085,0.10473753995134999,-0.012683024160537851,0.001269882337888495,0.5000902727608489,28.876434316294368,2.205882352941176,167.78245991208357,17.57312209817763,1.36,0
63.0,15.167581447575824,0.16107423312436572,0.008280352054793091,0.6345722711142745,12.028888493210458,5.247297587002351,2.0161290322580645,75.23120397997609,12.117808488097378,4.96,0
64.0,20.792664419478463,0.00200198872213434,0.005796998126014397,0.2403660093448925,11.071849665100682,2.5316319882441243,6.653225806451613,103.13161552061317,0.20646833116776242,4.96,0
65.0,98.09823322869737,0.08787370625729612,-0.1688704206662446,0.0017534234387175385,0.3612430749365131,2.659953967189503,14.285714285714285,27.467505304035267,2.4136714927075182,0.28,0
66.0,152.78702362611256,0.4701260400930541,-0.46930983302527496,0.7565465413276224,0.9206756644744342,2.215552139390239,10.0,15.278702362611256,7.18291583949482,0.1,0
67.0,23.70642948910335,0.2808340713557852,0.0014263146333708154,0.1746159149786689,4.641056515617304,5.610450719689041,2.6530612244897958,116.16150449660643,32.62210824259533,4.9,0
68.0,17.03656869146664,0.13830434585096096,0.004752675382000182,0.23711756498256564,17.954212947399668,3.422839719704238,2.127659574468085,80.07187284989323,11.074287995565804,4.7,0
69.0,101.52548769024648,0.47369728896131746,0.5355908664579401,0.6779487956491905,0.6648383659468962,4.483504193713557,9.090909090909092,22.335607291854224,10.58031662145598,0.22,0
70.0,4.381862795774893,0.12111919021811535,-0.03297349485601329,0.23542637961534962,28.31315335352662,0.6948309723202707,1.5873015873015872,5.521147122676365,0.6687168685736389,1.26,0
71.0,22.7480332690145,0.23281197939118078,0.014706263055380975,0.5849942456333852,8.02515593868917,11.295026314342797,0.40322580645161293,112.83024501431191,26.268232676973863,4.96,0
72.0,79.8089850065494,0.7868457693299773,-0.031358448860114345,0.030302171370776065,1.0391817495201598,4.567022369159874,3.125,25.53887520209581,20.095155906215357,0.32,0
73.0,13.510290527485465,0.09360895109907466,-0.01988848513684462,0.21351903452557175,13.18191478704884,1.3945418114113126,1.9047619047619047,28.371610107719476,2.655836663175525,2.1,0
74.0,61.04630400481114,0.7202663517077911,0.951583007745999,0.6099693556762824,2.726695372651554,1.0548865924323259,8.333333333333334,7.325556480577337,5.276351840494804,0.12,0
75.0,53.18894834951512,0.5310306616543515,0.004052041060538872,0.69937167397996,1.8499052326117096,15.951540159759166,2.430555555555556,153.18417124660354,81.34549181205736,2.88,0
76.0,60.040136136910064,0.24650308302846138,0.2324119386934211,0.10784868658830371,1.5109267662616874,3.863752995016804,8.333333333333334,14.409632672858415,3.552018879167248,0.24,0
77.0,19.744658476568798,0.07776859283053998,0.015251077314279538,0.12361806023610644,14.014360726248166,4.830162877861876,3.409090909090909,69.50119783752217,5.405010355861068,3.52,0
78.0,21.520783837492033,0.05681187720218192,0.047943679058989844,0.0020091441723968373,7.649770737153806,3.021055682317657,3.7037037037037033,34.863669816737094,1.980670528445884,1.62,0
79.0,38.075400874202224,0.3198926644164691,0.0803880298109555,0.3528358223678556,1.325723204026845,5.021947977296476,4.761904761904762,31.983336734329868,10.231234804873912,0.84,0
80.0,60.21019975102967,0.9799449957288848,0.10522344330284454,0.9835036816434204,0.3505764137542296,0.38426904741415036,0.0,7.22522397012356,7.080322072542968,0.12,1
81.0,15.696135920670756,0.13721428022637194,0.010061789249046223,0.5723886857313218,12.515240785548135,2.785778525569664,3.061224489795918,76.9110660112867,10.553296564181684,4.9,0
82.0,34.76786279709104,0.619854027961171,-0.02195574359284909,0.7387237079375688,1.4740751776478285,3.92320669261129,4.545454545454545,22.94678944608009,14.22365986692963,0.66,0
83.0,69.3799647409462,0.8972190803619878,0.048792439061419834,0.9361757282566161,0.2926893843061208,3.4860958544679006,0.0,38.85278025492988,34.85945576983459,0.56,1
84.0,8.80808882455679,0.6771118292312882,1.4180816962236593,0.9433973000153847,26.29601098535226,0.03664330527198651,33.333333333333336,0.5284853294734074,0.35784366816163893,0.06,0
85.0,15.768188045077453,0.15568203880264656,0.0010918553534535584,0.0008163979189309556,22.766259883524295,4.878141970458813,1.0204081632653061,46.35847285252771,7.217181569458656,2.94,0
86.0,162.28811644249697,0.6970404427013345,-0.4358892334178929,0.672265907172338,0.3232887855432596,4.7690818173102265,0.0,19.474573973099634,13.574565663629256,0.12,0
87.0,0.0,0.0,,,,475.2039794921875,0.0,0.0,0.0,0.0,0
88.0,14.643609154889244,0.8830648725952255,-1.2958824856326134,0.24823629703513717,2.716403107625736,0.09647667395477018,0.0,0.5857443661955698,0.517250274107862,0.04,1
89.0,44.73958425068789,0.0668729292260048,-0.07489958419760911,0.597720233684851,3.3127892746153127,4.265362819726607,6.0606060606060606,29.528125605454008,1.974632253790106,0.66,0
90.0,35.01823692428005,0.026557706820626806,0.06881529238948957,3.590134967090819e-09,4.39337832380422,3.143501082331586,5.47945205479452,51.126625909448876,1.3578059416310055,1.46,0
91.0,5.47945205479452,0.0,,,,83.09877014160156,0.0,0.0,0.0,0.0,0
92.0,156.77399130600642,0.9146631197626941,-0.5471858944550257,0.800115676675965,0.27918547315215003,1.4413271542191475,0.0,9.406439478360385,8.603723279136078,0.06,1
93.0,0.0,0.0,,,,6.7710723876953125,0.0,0.0,0.0,0.0,0
96.0,12.512254168854545,0.36522814621427874,-0.19037752663438431,0.7248235854102594,11.70797633241304,0.2801266168721782,7.142857142857142,3.503431167279273,1.2795516706147356,0.28,0
101.0,16.55057011398536,0.04730476575939004,0.10223089775699613,0.06515925227169106,5.116611755551736,1.2590743586255124,3.846153846153846,8.606296459272386,0.40711883806174815,0.52,0
105.0,95.79096744774917,0.5818137046882461,-0.010209971664905457,0.8240753786154799,1.0215374530957915,9.398953926130584,0.9803921568627451,97.70678679670415,56.847147599375056,1.02,0
107.0,8.434546908794344,0.03106851435269222,-0.00909981640620837,3.173574218018338e-05,17.706580960701928,1.0867159812307006,3.284671532846715,23.110658530096504,0.7180138262424721,2.74,0
112.0,57.44098755568979,0.7571824587302595,-0.003678377223615654,0.5165266390366694,5.295038651053574,4.256009610531178,3.6458333333333335,110.28669610692438,83.50715172347793,1.92,0
113.0,3.6458333333333335,0.0,,,,361.1290630277023,0.0,0.0,0.0,0.0,0
114.0,76.53968411201093,0.45049843755125263,0.02365682465329355,0.22785572921366348,1.2782462840010884,18.1372058323251,1.0204081632653061,75.00889042977072,33.79138794106481,0.98,0
116.0,111.4833240063056,0.4626566730170883,0.008019333187564667,0.7342464766554053,0.8830094914747969,55.04156260051857,0.27027027027027023,412.4882988233307,190.8404639920807,3.7,0
117.0,0.27027027027027023,0.0,,,,87.72906196484438,0.0,0.0,0.0,0.0,0
118.0,84.2904601044488,1.0,,1.0,,0.0,0.0,1.685809202088976,1.685809202088976,0.02,1
120.0,7.6315830880233175,0.0647880566884537,0.02755211029173635,0.008475747403850042,30.28508432009848,0.938792311876699,1.3888888888888888,10.989479646753576,0.7119870303304788,1.44,0
122.0,146.59011500475668,0.18553314444985897,-0.23913904719576237,0.05569004561142277,0.40222007444041963,15.769390907877703,0.0,46.90883680152214,8.703143994271668,0.32,0
129.0,12.434566781432796,0.4794691577102742,0.7321445987297264,0.037179580821436464,5.850359974783972,0.47647678426835266,0.0,1.2434566781432796,0.5961991261185738,0.1,0
130.0,11.634390046255554,0.5483564359596581,-0.18852784954149512,0.489889940660863,12.409913950606924,0.4716983274457825,8.333333333333334,1.3961268055506664,0.765575119239506,0.12,0
131.0,18.16461258484626,0.09705386867104301,-0.12755451185173045,0.4351431246093139,8.99894995331653,1.1613579025890741,9.45945945945946,13.441813312786232,1.3045799839598327,0.74,0
132.0,44.167612986869834,0.31166488310151863,-0.024929683496659336,0.47747691391745206,2.111469911067614,8.814669694013498,4.347826086956522,101.58550986980062,31.660636058379577,2.3,0
133.0,27.18404498328307,0.6023720363648365,-0.008089205686396726,0.9206695712918533,23.256320158453807,10.291287620625614,2.433628318584071,122.87188332443947,74.0145865701252,4.52,0
136.0,5.370860019972515,0.23104312976213312,0.04746469290277192,0.035708357397374324,33.40140046368034,0.46426408117243145,7.83132530120482,8.915627633154374,2.059894512157746,1.66,0
137.0,126.5218874943465,0.800190449674949,0.12689546820012965,0.13632432063541933,0.9448900221883872,3.6266051659807412,7.142857142857142,17.71306424920851,14.173824846695421,0.14,1
138.0,51.53069105829524,0.2715150686338362,0.0021312911749242235,0.06928985575750879,2.342155536101773,40.77127238569332,0.31446540880503143,163.86759756537887,44.49252199982569,3.18,0
139.0,52.21714733886387,0.05472023637919896,0.00034338698548743986,0.09170446491166728,1.8846800457271207,43.97108586309906,2.008928571428571,233.93282007811015,12.80085921152681,4.48,0
140.0,62.073257248892844,0.3253317829785224,0.05101880430279839,0.7921095878051618,1.1733169916703787,7.429523421149287,4.368932038834951,127.87090993271926,41.600471119497605,2.06,0
142.0,42.57081486601561,0.3612976770000486,-0.01132116783944329,0.3044096192897603,3.769922580561091,13.427582040252187,1.9736842105263157,129.41527719268745,46.75743901803535,3.04,0
144.0,85.92618840491,0.36310969983216645,0.05813416454747726,0.8897018270910814,1.3107381802938807,12.279146617687127,0.0,87.64471217300819,31.82464512901763,1.02,0
148.0,10.952438620006758,0.0776655267985225,0.014912608217572591,0.7841164099936507,21.876237413976856,1.3178781016857164,2.9197080291970803,30.00968181881852,2.330717747514583,2.74,0
149.0,9.76210205507242,0.4598229397131481,-1.037554454902942,0.15317805966838283,17.1602964620113,0.12469089636495483,16.666666666666668,1.1714522466086903,0.5386606157691797,0.12,0
150.0,16.666666666666668,0.0,,,,470.01132272691626,0.0,0.0,0.0,0.0,0
151.0,7.795712864763236,0.5296293175069854,0.04593438590239218,0.38830574331123846,17.213933693848617,0.2505719471306595,5.555555555555555,1.4032283156573824,0.7431908551280961,0.18,0
153.0,46.98604221174524,0.023917532893330908,0.07788178106024861,0.6556418113904439,5.178795325177854,12.051470260120492,0.0,35.709392080926385,0.8540805596964071,0.76,0
155.0,43.145313302832264,0.5961181732526402,0.07641466897226813,0.010732286184522488,3.1788632396558465,7.838602247632452,1.2658227848101264,68.16959501847498,40.637134453785585,1.58,0
158.0,110.83833628556947,0.3501564634371842,0.002591808435279756,0.8321688617631978,0.6994944030473295,25.003619187409488,0.24390243902439027,454.4371787708348,159.12411537276697,4.1,0
159.0,128.47529237339955,0.8074869718982003,-2.4489686362401573,0.8299545147445133,1.6339802491511803,1.3990731656097632,33.333333333333336,7.708517542403973,6.224527488139941,0.06,1
161.0,23.5288811003179,0.2044136746927911,0.04690074549697773,0.08741391271906296,6.722605286089352,1.581099216651887,6.25,15.058483904203456,3.078160030160476,0.64,0
162.0,27.682759005762087,0.10405708272197307,-0.008668257015860532,0.1577389933006963,7.219628804960262,4.91304652054309,3.1707317073170733,113.49931192362455,11.810407289723624,4.1,0
163.0,66.82353053735672,0.8495687842416384,0.01226687778370817,0.9634887381466488,1.0560209144827457,2.2227965702960804,9.09090909090909,44.10353015465544,37.46898249425506,0.66,1
164.0,12.241900365641518,0.50057835137969,-0.039845710927534694,0.2870950881652412,13.621989478080604,0.15787791088717223,10.0,1.2241900365641518,0.6128030302787255,0.1,0
165.0,9.260932009683504,0.713785816549704,0.028805028300391295,0.004274535532636681,9.051345456329612,0.14266436370231125,7.142857142857142,1.2965304813556906,0.9254450683160523,0.14,0
166.0,121.8209346091326,1.0,,1.0,,1.4931665147555775e-12,0.0,2.4364186921826523,2.4364186921826523,0.02,1
167.0,5.321245398507203,1.0,,1.0,,0.0,0.0,0.10642490797014406,0.10642490797014406,0.02,0
168.0,20.87029726901429,0.18386561818398667,0.023931456945715746,0.21542719583320358,6.63217844746481,4.084825327400088,7.142857142857143,58.436832353240014,10.744524305342468,2.8,0
169.0,57.099397751441636,0.40544443436634736,-0.05281336218673877,0.002009663552668184,1.9446665038799416,12.844157613039634,2.6785714285714284,127.90265096322928,51.85741797374285,2.24,0
171.0,47.07132537411663,0.3528915926539633,-0.573582820891791,0.3534788874386706,0.9428503801582628,1.7586823897174577,0.0,5.648559044893996,1.9933289975525919,0.12,0
173.0,94.55047322147618,0.45278666420352565,-0.00025384057506309493,0.16101318666220688,0.6804859532906801,7.31777419856233,4.0,47.27523661073809,21.40559668440849,0.5,0
174.0,54.21471653547717,0.5146026530543079,-0.02101061071082759,0.8567721935769451,9.83297758565874,17.342401438657138,1.5384615384615385,211.43739448836098,108.80624415860085,3.9,0
176.0,80.7181257519935,0.20281600466326757,0.030618632634224936,0.12586840620546003,1.2777087209081515,14.38121577848357,3.896103896103896,124.30591365807,25.21122876414686,1.54,0
177.0,34.97914604873766,0.19057242082877482,0.269060619247691,0.0027995138152074883,5.461845774125965,1.6019353530958327,16.666666666666668,6.296246288772779,1.1998908973856177,0.18,0
178.0,40.49727116154601,0.3962856360408207,-0.021416888996489736,0.4693830873787378,3.983096133286702,6.752540402899089,4.081632653061225,39.68732573831509,15.727517122967427,0.98,0
179.0,14.74379315599845,0.2178764072206209,-0.11349357403854844,0.1517409035384888,5.581491767357991,1.122188338706653,8.0,7.371896577999225,1.606162340816461,0.5,0
184.0,60.92587169473621,0.6894815798082167,0.004074039213055215,0.6453525974923052,1.376022097162294,11.251626380308618,2.4193548387096775,226.6442427044187,156.2670305142795,3.72,0
185.0,32.782089914799165,0.11745767706055713,0.08984614589231092,0.1669099833616684,2.9297533039705406,0.8711760256295067,7.142857142857142,4.5894925880718835,0.5390711382815678,0.14,0
188.0,7.142857142857142,0.0,,,,3.252960958586913,0.0,0.0,0.0,0.0,0
189.0,26.7459944056635,0.809921925710439,0.7869896168591101,0.9742901423814199,30.777465797158698,0.14597048609163024,0.0,2.13967955245308,1.7329733835260486,0.08,1
191.0,113.24646768670007,0.04291306039777998,-0.07509060631140776,0.2342584151768542,0.529078234726673,4.283701203692861,0.0,33.97394030601002,1.4579257523023796,0.3,0
196.0,99.67118229767547,0.6349748211614767,0.02939829362311097,0.6552945627535318,0.7703850313631787,8.503309841720684,5.384615384615384,129.57253698697812,82.27529850074527,1.3,0
200.0,5.384615384615384,0.0,,,,11.84550113090043,0.0,0.0,0.0,0.0,0
201.0,7.229036079851657,0.32373882589197794,0.04356298582062404,7.97054432671862e-05,37.98720097666841,0.883955202733543,5.128205128205128,5.638648142284293,1.8254493292010996,0.78,0
202.0,9.844824480355195,0.5297135297872865,0.34896899349312005,0.0562104320529232,7.697114436346581,0.4256416391393303,0.0,1.968964896071039,1.0429873451250478,0.2,0
203.0,126.73378873393789,0.25548131928125567,-0.028902230432692508,0.07352895914329971,0.3935454690614459,23.833430666327995,3.846153846153846,98.85235521247155,25.254930123741545,0.78,0
204.0,56.63703401110223,0.6951710325777782,-0.05434557941572013,0.3297503660520773,3.8844586076304517,3.7411976820045427,7.692307692307692,29.45125768577316,20.473661216133156,0.52,0
205.0,39.419430991324234,0.3629872342289818,0.009079786672146985,0.1535149325413322,2.1385891127023644,6.518487534929012,3.6363636363636362,43.361374090456664,15.739625253463098,1.1,0
206.0,3.6363636363636362,0.0,,,,89.66829530766795,0.0,0.0,0.0,0.0,0
207.0,0.0,0.0,,,,30.14012598083042,0.0,0.0,0.0,0.0,0
210.0,80.90540429799688,0.6934169295055759,0.021873311107509192,0.4717658750266869,3.528607622581575,3.3422216203998802,5.0,16.181080859599376,11.220235405744845,0.2,0
212.0,40.76028798853617,0.3746245587674856,0.705250931316855,0.8455717552141112,2.9901410753721462,0.36753652174689777,10.0,4.076028798853617,1.5269804902941007,0.1,0
213.0,26.005436247412273,0.4276769007926322,-0.4195043288689751,3.523664168225693e-07,3.468527327349673,0.7955233151773644,12.5,4.160869799585964,1.7795079004885856,0.16,0
214.0,35.688906948728935,0.14054832359736086,-0.05704033387773692,0.0036340999628585724,3.4563808500319673,3.713370747182787,5.208333333333334,34.26135067077978,4.815375400959413,0.96,0
216.0,37.69122572222071,0.09180782974439029,0.11334034235455108,0.43418538462408585,4.551058493824114,1.5647718796215364,9.090909090909092,16.58413931777711,1.52255383894373,0.44,0
217.0,108.99652267880352,0.5594855179048174,-0.10872334561586885,0.6191297705773009,0.6883302883182129,6.8676023064257254,3.846153846153846,56.67819179297783,31.71062748920277,0.52,0
218.0,50.99151957931254,0.7434414090090176,0.0009593674176764892,0.9869416525118879,1.0557891315503614,7.3567304367579585,2.6315789473684212,155.0142195211101,115.24398977720726,3.04,0
220.0,86.7407850772705,0.7414832598357272,0.03630230211245197,0.8851311720699755,1.1082099842774,4.708975078403155,2.857142857142857,60.71854955408935,45.02178805586331,0.7,0
221.0,19.045381411384742,0.5092214764040275,0.04705983110951369,0.8755926019158511,5.111035329770606,0.8449206903124526,2.0,9.522690705692371,4.84915862049158,0.5,0
223.0,10.188441832785797,0.09090023266389077,0.09805147649952795,0.007129650414288147,13.148368444578212,0.3990743052222442,4.166666666666667,2.445226039868591,0.22227161593985917,0.24,0
224.0,115.87126056343524,0.19858627983872412,-0.04012707175835277,0.6296222371492138,0.6917081573695009,17.675724244661954,4.761904761904762,145.9977883099284,28.993157645150248,1.26,0
225.0,76.47903273006473,0.2983579766218077,0.01032600967388809,0.10993409488332362,1.1342446972122493,14.109313339127388,1.25,61.18322618405179,18.254503567468095,0.8,0
228.0,67.69690072552402,0.6009901783845316,0.1138224677881174,0.6699434101920804,3.798354823802498,9.681840381624728,4.25531914893617,63.63508668199257,38.244062096525845,0.94,0
229.0,99.49466715341735,0.6227674885139116,-0.030871494146476917,0.7762864870892112,0.937742178210944,5.574067534719687,11.25,79.59573372273388,49.56963518692904,0.8,0
231.0,62.14746454131804,0.8961979067701117,0.003533644693824003,0.995674517272562,0.5998876160433029,5.2778265309990875,3.2679738562091503,190.1712414964332,170.43106855697684,3.06,1
232.0,29.245259143555078,0.9949835738551822,0.28132144965130823,0.994435326624628,0.2828233390053631,0.04154826774822243,0.0,1.1698103657422032,1.1639420984390152,0.04,1
234.0,73.62818784750873,0.5367149315209674,0.032060562540864486,0.9426561337306268,1.8108243491764398,6.7642343030203085,4.0,147.25637569501745,79.03469559717713,2.0,0
235.0,96.18115378147208,0.3118803260906442,0.12610879998649333,0.08673322952046092,1.114367095735328,10.822507482014393,0.0,67.32680764703045,20.997906723597936,0.7,0
239.0,36.036530772262815,0.01690148751010319,0.062548801877375,0.6087929474616209,6.502377972740806,2.031358444697658,5.0,28.829224617810254,0.4872567798038794,0.8,0
240.0,75.68941175115317,0.9893048283204531,0.00013481258323277956,0.7702617769211073,4.183794765700888,0.17395153939199745,16.666666666666668,4.54136470506919,4.4927940298890405,0.06,1
241.0,7.312633513045182,0.18613743682303427,0.10306069520784308,0.7268432777390039,11.532765399370838,0.5189856413350039,2.941176470588235,2.4862953944353623,0.4627926519051133,0.34,0
246.0,158.99844916108194,0.9998465471934455,-0.009320834470330238,0.9973607448311652,0.014818712499743323,0.04788142425043362,12.5,12.719875932886556,12.717924032225628,0.08,1
248.0,140.58850890088794,0.44781043036022444,-0.3378163374648629,0.4455798484318326,0.2531226348285163,7.881556814101888,0.0,36.55301231423087,16.36882017539831,0.26,0
253.0,102.53367363673397,0.3667826613826723,-0.02356524109643506,0.7026492849719344,0.6507018704011702,21.198899578244085,3.3980582524271843,211.21936769167198,77.47160181751667,2.06,0
256.0,13.57921959211681,0.10357075482913418,0.03390830719863441,0.05655654807535937,5.9176494852185915,0.55930850149135,11.76470588235294,4.616934661319716,0.47817940786967594,0.34,0
258.0,18.282248488893796,0.07059065910672334,0.044625429555122935,0.3716083636995262,11.752214597008598,3.7784161497524917,1.094890510948905,50.093360859569,3.536123359947913,2.74,0
259.0,48.145601762545226,0.5182733993650661,0.05478434647736964,0.025821458261017782,2.6444592552842843,1.5284390540871515,7.142857142857142,13.480768493512665,6.98672371318629,0.28,0
261.0,16.57155625828318,0.2063203450503577,-0.378340175296579,0.07004636178770729,14.688222668504308,0.9925180021668017,20.0,4.971466877484954,1.0257147615691202,0.3,0
262.0,72.22224253232854,0.9981874595870773,-0.12267983359849488,0.9948145002890463,0.0713541929279545,0.08533445748382715,0.0,2.8888897012931416,2.883653471961072,0.04,1
263.0,13.055496739795194,0.14625806204671252,-0.025885564478248968,0.9243737896976013,17.730768552952718,0.17675602305928592,10.0,1.3055496739795194,0.19094716522196184,0.1,0
265.0,73.75123037618351,0.647050116688446,-0.039447031135474195,0.7440742520888017,0.47306034715835477,6.516080630777206,2.5,59.00098430094682,38.17659377666081,0.8,0
266.0,19.107171570681054,0.45497770271729143,2.6881078387088184,0.8382953401467786,5.003226976792757,0.1536642739072135,0.0,0.7642868628272421,0.34773348106614427,0.04,0
268.0,119.1247211933441,0.2092434278646743,-0.03250478637759445,0.12774076273075297,1.2225576931468787,17.094605252781598,3.6144578313253013,197.7470371809512,41.37726790982543,1.66,0
270.0,62.744517729319426,0.6652379905546515,0.008622045412170216,0.9382252060382329,1.1234281230492946,13.267986054816049,0.7751937984496123,161.88085574164413,107.68929518283875,2.58,0
272.0,6.302953762945688,1.0,,1.0,,0.0,0.0,0.12605907525891377,0.12605907525891377,0.02,0
276.0,16.934115990563864,0.13277461727683496,0.15980886253626533,0.00054035166641897,4.212384762230843,0.8378347320954388,7.352941176470588,11.515198873583428,1.5289261233066804,0.68,0
278.0,7.248951669616446,0.07984838241434519,-0.02273113588024477,0.12893391147009203,19.40725784537823,0.7446779822869153,8.035714285714285,8.11882586997042,0.6482751128208769,1.12,0
279.0,6.6222111080290595,0.16280127543953124,3.236793415393662,0.966060631278942,28.951573099189126,0.03772661844007124,0.0,0.2648884443211624,0.04312417658467849,0.04,0
280.0,43.90533501341687,0.7097481230094971,0.5072980284093979,0.4190130019129381,1.4241183257014745,2.4632780974954076,0.0,8.781067002683374,6.232345823175155,0.2,0
281.0,108.5533940896687,0.46598033036477704,0.007538575843125245,0.8569896177578308,0.5313337723012345,13.039311327204667,4.166666666666667,260.5281458152049,121.40099145629198,2.4,0
284.0,93.03804970772768,0.42823750591541654,-0.009779032805388355,0.677460768787968,0.5186279429024905,40.17514324550596,6.140350877192983,212.1267533336191,90.84063178552381,2.28,0
285.0,63.00685052348461,0.9574495763185066,-2.7362553891029733,0.5083343574972181,2.2126562656692683,0.38961183978390046,0.0,3.780411031409076,3.6195529403324285,0.06,1
286.0,0.0,0.0,,,,90.28913590037264,0.0,0.0,0.0,0.0,0
287.0,5.019686595028568,0.9974201127697123,0.18068411461488176,0.9965480163904413,1.1208377090285249,0.0057256509398984756,0.0,0.2007874638011427,0.20026945478728028,0.04,0
289.0,0.0,0.0,,,,243.1100314739508,0.0,0.0,0.0,0.0,0
290.0,59.00395768444763,0.1098962042133901,-0.04098758533612506,0.4711339687855699,3.743073019067476,6.638444470176852,5.421686746987952,97.94656975618305,10.763956231926551,1.66,0
293.0,95.91959515196386,0.5162469401823135,-0.012449433084062846,0.8769162158974673,1.2958084547725026,13.758557404135438,0.684931506849315,140.04260892186724,72.29656835106232,1.46,0
294.0,46.31411993128592,0.17730261243027315,0.03751020613706584,0.31492003724729245,2.5536350656440736,15.606645757250796,0.0,98.18593425432616,17.40862264719907,2.12,0
295.0,8.195287134092906,0.4499598743327075,0.3999187527718897,0.36109045465544576,32.43646928298138,0.3862856131099128,10.0,1.6390574268185814,0.7375100737953798,0.2,0
296.0,16.108578912723363,0.05661925900227868,0.13774780132430695,0.8963985467195291,8.579118447874608,0.6952871282640766,4.0,8.054289456361682,0.4560279008090644,0.5,0
300.0,79.89222313947197,1.0,,1.0,,0.0,0.0,1.5978444627894395,1.5978444627894395,0.02,1
301.0,13.931427636242287,0.10810412003350277,-0.027972188302722824,0.027944784066063266,12.848598973810443,0.2672292784517042,10.0,4.179428290872686,0.4518134176279181,0.3,0
302.0,19.52913246905374,1.0,,1.0,,0.0,0.0,0.3905826493810748,0.3905826493810748,0.02,1
303.0,8.913456071677256,0.3343625255830819,0.1882774008917586,0.08245938984471934,6.4492081827932175,0.41881900895186797,7.692307692307692,2.3174985786360867,0.7748846777879644,0.26,0
304.0,46.1581361718123,0.3707253006690099,-0.004806181540908923,0.6323746268935451,5.548702708732061,11.775084329924436,0.9803921568627451,94.1625977904971,34.908457377657086,2.04,0
306.0,26.587143203010637,0.42287447448149706,-0.038680362475561114,0.8548970630027892,9.252479376640192,0.3417421393819335,11.11111111111111,4.785685776541914,2.023744357788737,0.18,0
307.0,22.673651460457354,0.8576132676127968,-0.18217253037465186,0.6696929260085398,4.79844804619366,0.16808387413539708,33.333333333333336,1.3604190876274411,1.1667134590629895,0.06,1
308.0,53.31831224628093,0.007885682194124617,-0.019069996247007212,0.8454293929977545,5.83995365906761,1.5325791827650943,15.0,10.663662449256186,0.08409025310025481,0.2,0
310.0,51.5705511033542,0.6045555307794124,0.31415502771793813,0.28619631905201737,1.7363157128280995,2.41197520776304,0.0,9.282699198603755,5.611907141077519,0.18,0
312.0,106.42875328137416,0.29149230127241643,0.08551859222913046,0.0006771234232776369,0.32599036812049514,11.093777428587757,0.0,34.05720105003973,9.927411908973438,0.32,0
315.0,15.877321045185704,0.7830418682835791,-1.342847017706328,0.17556551996146152,4.143425622037759,0.1974356056720233,50.0,0.6350928418074282,0.49730428538241617,0.04,0
317.0,50.0,0.0,,,,237.7562536357217,0.0,0.0,0.0,0.0,0
319.0,103.90174626429364,0.6015650572651597,-0.7782545707663934,0.13877284744373897,0.9402661035123788,3.990451074665961,0.0,12.468209551715235,7.500439192971587,0.12,0
321.0,10.919100364343311,1.0,,1.0,,3.3317569082629327e-11,0.0,0.21838200728686621,0.21838200728686621,0.02,1
322.0,73.97529596762531,0.7730002388103131,-0.043097312319994446,0.9309058523831771,1.7822439871537346,7.09487142871137,6.382978723404256,139.07355641913557,107.50389232419136,1.88,0
323.0,30.60121106424062,0.5829787411226947,-0.02257910624195636,0.46893631021943316,4.854647832204377,0.8086513175278828,20.0,3.060121106424062,1.783985550306087,0.1,0
324.0,32.63404888556008,0.8042607449146109,1.7279574240818854,0.6969455548012553,2.3432238628037116,0.2737154943000041,0.0,1.9580429331336044,1.5747770679768223,0.06,1
326.0,97.14272146168764,0.3569955775221435,0.04121453111453119,0.8685233717466967,0.3230667883701832,13.925584718021716,0.0,97.14272146168764,34.679521950287906,1.0,0
327.0,23.9380407103125,0.037477497889674354,-0.0561058845151323,0.20886290028094145,5.859255397589572,1.1374270412540943,11.475409836065573,29.20440966658125,1.094508201648484,1.22,0
328.0,37.84337013750454,0.568458189375431,-0.03098377047479492,0.5084275484147378,3.136991118125965,6.097173444169183,2.2222222222222223,68.11806624750818,38.722272602814165,1.8,0
329.0,101.75540347591244,0.5508940269416625,0.08547218670572608,0.7743058539023109,0.4999887311390291,5.245600280813649,10.344827586206897,59.018134016029215,32.51273751067304,0.58,0
330.0,21.45616847623276,0.42463656232530206,-0.07527660237954867,0.46985867656665414,7.988291114679655,1.3546225609886695,7.4074074074074066,11.586330977165693,4.919979756106797,0.54,0
331.0,15.660466909822015,1.0,,1.0,,9.292133697010084e-11,0.0,0.3132093381964403,0.3132093381964403,0.02,1
333.0,8.661124823325514,0.492581492430584,-0.8602082328005954,0.6305099413513511,26.680034224018605,0.08481557682074163,20.0,0.8661124823325514,0.42663097916012604,0.1,0
334.0,20.0,0.0,,,,390.2596824372334,0.0,0.0,0.0,0.0,0
336.0,16.71320995031755,0.018287481638196,0.04335396411825746,0.6860078676960206,11.61508448435109,3.3083775957251955,1.1627906976744187,28.74672111454619,0.5257051345406047,1.72,0
339.0,1.1627906976744187,0.0,,,,9.832576485785324,0.0,0.0,0.0,0.0,0
342.0,41.80228554170232,0.4310687723801911,-0.024012506891331175,0.01857096627200383,2.437104634337889,9.781467672833712,1.923076923076923,43.47437696337041,18.740446307593743,1.04,0
343.0,84.3721030004624,0.363139759712817,0.04352819479230116,0.12503445271708824,1.2156148423007789,8.863125965427761,2.4096385542168677,140.05769098076757,50.86051624868791,1.66,0
345.0,79.21749012392014,0.6178588742877493,0.01698930995531478,0.9293492374249224,3.651627770145361,12.539442006609894,1.875,126.74798419827223,78.31236683498592,1.6,0
346.0,11.230703046522471,0.13614315759463239,0.08178160143872054,0.2341202333839255,14.496475955451066,1.2098984153876446,6.8493150684931505,16.39682644792281,2.2323157271513914,1.46,0
349.0,13.601405465950762,0.5861019755571217,0.22409058367698606,0.45353584487540444,15.239890099802826,0.4428342643495125,0.0,3.5363654211471984,2.072670759626266,0.26,0
350.0,45.91497439950012,0.664580811084512,1.3156043752155306,0.505079491162953,1.0051999032235321,0.3514909185765862,0.0,2.754898463970007,1.8308526556406635,0.06,0
351.0,28.651112403496846,0.18794466345318878,0.0038019610997798202,0.8153320425527155,5.7081344230902715,2.546526678678524,0.6578947368421053,43.549690853315205,8.18493199091674,1.52,0
352.0,28.454898059363074,0.3977598796905043,-0.015890989920086602,0.956585961823094,13.144876107166896,0.15272835795804368,28.57142857142857,3.9836857283108307,1.584550356017695,0.14,0
354.0,8.566038267273283,0.34034322184919635,-0.06379053032901531,0.20907217239380227,14.573157471510521,0.28662866528134295,14.285714285714285,1.1992453574182598,0.40815502873142157,0.14,0
355.0,11.95458576680824,0.5026492887299888,0.10159833516008213,0.00764292482600526,4.918774307764905,1.558948369194023,0.0,5.4991094527317905,2.764123455063993,0.46,0
356.0,81.648314508506,0.9999011837516962,0.028174938519113457,0.8890536318891908,0.01843985990552347,0.022908429847058764,0.0,3.26593258034024,3.265609853135438,0.04,1
357.0,7.4427065709961004,1.0,,1.0,,0.0,0.0,0.14885413141992201,0.14885413141992201,0.02,0
358.0,80.85377989806388,0.6095633739595339,-0.026340673700700225,0.6790711418742952,0.6401579367340231,14.8474822766929,1.3888888888888888,116.42944305321198,70.97112413574531,1.44,0
360.0,9.04004551426552,1.0,,1.0,,0.0,0.0,0.1808009102853104,0.1808009102853104,0.02,0
361.0,0.0,0.0,,,,361.570161253868,0.0,0.0,0.0,0.0,0
363.0,8.513177531605272,0.24388403389802993,-0.288572614490123,0.05032011959052751,12.912062105577137,0.2418578856233842,12.5,1.3621084050568437,0.33219649243167476,0.16,0
366.0,8.16106921516236,0.07022684901240416,-0.05341816841322884,0.20634835288866626,20.580690912438968,0.8195210125715603,1.5384615384615383,10.60938997971107,0.7450640282188828,1.3,0
370.0,12.052645465182444,0.16060578536162576,0.07771470593502953,0.08928056754701497,18.950293476075327,1.6232101215369246,1.6129032258064517,14.945280376826231,2.400298492369871,1.24,0
371.0,37.73908862309203,0.8286826853779002,-0.007558474436273358,0.8925147559923458,1.9239954463363504,2.3080188075865737,4.032258064516129,46.796469892634114,38.7794243368341,1.24,1
374.0,37.103919324532015,1.0,,1.0,,0.0,0.0,0.7420783864906403,0.7420783864906403,0.02,1
376.0,11.444613385636805,0.15124775428389403,1.2172206705944362,0.12384056074060279,8.32341724465464,0.38916895361091586,0.0,1.1444613385636806,0.173097207322496,0.1,0
379.0,7.782806619414079,0.10906261974587153,-0.03004609714405298,0.30469543281200906,17.108066721445727,0.8990358550879594,9.615384615384615,8.094118884190642,0.882765810044362,1.04,0
381.0,47.69056899564169,0.4596183004236932,0.6639673777214526,0.4109537908990062,2.9590900564483107,1.6955482837851117,6.25,7.630491039302671,3.507113322882514,0.16,0
383.0,103.79464383419709,0.6325461361664154,0.00023616256281204783,0.7127677143046983,3.400316884782389,6.897601347844334,9.67741935483871,64.35267917720219,40.706038565496186,0.62,0
384.0,44.76570778326714,0.6723059151149379,-0.019469065714818292,0.7803070390246769,0.8703723985385574,4.5918626647926235,2.857142857142857,31.335995448286994,21.067375095898115,0.7,0
385.0,21.43002313785929,0.10357754110165478,-0.04034565731369036,0.033583728333666185,6.410941441698961,4.5413664272596135,3.9215686274509802,21.858623600616475,2.2640624844184543,1.02,0
386.0,10.533311414916438,0.3456280736619463,0.42561402773262896,0.6670575491500976,11.377498729198342,0.5585725503891555,3.571428571428571,2.949327196176603,1.0193702774133087,0.28,0
390.0,3.773963626161275,0.3098496936666759,0.0007722211689880817,0.21867907611964754,27.71126342706623,0.05393118569503363,7.142857142857142,0.5283549076625785,0.1637106062865348,0.14,0
391.0,26.107347923219184,0.15352032856609732,-0.011238041477062989,0.4657124086300539,7.160930991527529,3.0663093553372605,3.0,26.107347923219184,4.008008631162028,1.0,0
392.0,12.250514337852112,0.16109360231508496,0.05953826010008256,0.7111542064298635,9.887079338245606,0.8199100500213304,8.16326530612245,12.00550405109507,1.9340098951992506,0.98,0
394.0,11.650943651729929,0.20980125483355297,0.0030485486110561582,0.046731221351774876,9.092210223590596,0.5223804011077858,8.620689655172415,6.757547318003358,1.4177419069142148,0.58,0
395.0,69.31780657271847,0.8691940063547249,-0.005000740399009504,0.9652767514086644,0.5065890424348436,4.44028896413902,4.545454545454546,60.99966978399225,53.02054736586348,0.88,1
396.0,6.022672961491824,0.1378189397171905,0.3908700827021489,0.04294296760778882,12.546817656996385,0.1927577098343847,16.666666666666668,0.7227207553790188,0.09960460821794337,0.12,0
398.0,16.666666666666668,0.0,,,,6.764817237472244,0.0,0.0,0.0,0.0,0
402.0,70.37267764393592,0.29052363649024326,-0.02599593962792562,0.0039057323025607493,1.5868165216345325,9.762052408355492,1.1111111111111112,63.335409879542325,18.400433596804717,0.9,0
403.0,1.1111111111111112,0.0,,,,361.7428651213642,0.0,0.0,0.0,0.0,0
405.0,35.86170884759539,0.9592768323274502,0.5733601143180955,0.8793011256341341,0.8381107808930706,0.2023605103473947,0.0,1.4344683539038154,1.3760522586068238,0.04,1
406.0,0.0,0.0,,,,28.10419994906804,0.0,0.0,0.0,0.0,0
407.0,5.591258105431224,0.20427485397695014,-0.0354118385316597,0.2035100535525297,35.38401864335481,0.43447809823782707,3.658536585365854,4.584831646453603,0.9365658150882096,0.82,0
408.0,77.81330397394456,0.2601022769739248,-0.07575042889846936,0.7228462586071414,1.8868983479869565,7.40413237706119,2.5,62.25064317915565,16.191534033989704,0.8,0
409.0,6.773135720322484,0.23588939716104868,0.011142039355702342,0.8478730112555449,30.052427906544345,0.14491293564239824,8.333333333333334,2.438328859316094,0.5751759247044609,0.36,0
412.0,10.83586627335515,0.22534303560132501,-0.061209431800655696,0.0653438103200209,14.826886089368534,1.152007729286135,2.564102564102564,8.451975693217017,1.904593859538136,0.78,0
413.0,2.564102564102564,0.0,,,,475.3000493767118,0.0,0.0,0.0,0.0,0
414.0,9.37846535930273,0.7605446227736171,0.16734103855975005,0.5740024397563646,3.5815081485289193,0.35526579985821954,0.0,1.5005544574884369,1.1412386238218128,0.16,0
416.0,102.03568023371471,0.6995983567847247,-0.027556541606018503,0.8010856658041577,0.33519049109010307,6.194461265017883,10.869565217391305,46.93641290750877,32.83663734346248,0.46,0
417.0,92.36970687674169,0.44819110489273584,0.16451341949592704,0.014003688949149828,0.8371482461009409,10.662257072603097,4.054054054054054,68.35358308878885,30.6354679279417,0.74,0
419.0,22.365255560366897,0.5564800248766939,0.044604479574310685,0.9304858766974676,5.252856973821169,1.0903564329693873,12.5,16.102984003464165,8.960988938836742,0.72,0
420.0,87.578374749605,0.3845381758796461,-0.02326569592646266,0.38298657760391397,0.7557751415280781,8.294056459919664,0.0,61.3048623247235,23.574059930902017,0.7,0
421.0,0.0,0.0,,,,344.5758351337242,0.0,0.0,0.0,0.0,0
422.0,90.91739686478375,0.4856374536694121,0.007038249255824928,0.2684939274365473,1.0979881731335435,8.93209277435094,4.411764705882352,61.823829868052954,30.023967313212182,0.68,0
423.0,19.245691123698368,0.15711001721510337,-0.18763519575113108,0.011838554862311779,4.828140336296586,1.3393322470611608,8.695652173913043,8.85301791690125,1.3908977973299739,0.46,0
424.0,39.54132704264077,0.5693206911770046,0.1593898596972772,0.72601973514442,4.831440738233505,5.792242318508136,1.5151515151515151,26.09727584814291,14.85771912370167,0.66,0
426.0,115.91107480244666,0.5587746738005841,-0.04713831059129301,0.002953530548843397,0.30739894774651116,10.293245289937472,4.6875,74.18308787356587,41.451630728071834,0.64,0
427.0,16.246839207790085,0.0943883795502657,-0.06150346591996654,0.4950917457852986,7.864179670692236,1.5058772940243503,7.8125,10.397977092985656,0.9814482084076985,0.64,0
429.0,57.03446875457351,0.5973112841398073,0.04238739808851274,0.5371776388612934,3.991861026853722,2.696083645119115,6.451612903225807,35.361370627835576,21.12174569865613,0.62,0
431.0,12.994179316546077,1.0,,1.0,,0.0,0.0,0.25988358633092157,0.25988358633092157,0.02,1
432.0,24.994046960123907,0.15401296733286868,0.15539817950494045,0.04530434361927971,5.53869635564434,2.622780823436091,0.0,14.996428176074344,2.3096444027914496,0.6,0
433.0,9.362348026918706,0.15438508378685997,0.001990872807888554,0.44713510790235766,14.141759207388237,0.27426587980078604,10.526315789473685,3.5576922502291084,0.5492546161394833,0.38,0
437.0,249.68352812217094,0.9969111485377699,-0.1573836631652057,0.9912037184939549,0.030214841466252654,0.3918246980343978,0.0,9.987341124886838,9.95649171164944,0.04,1
438.0,36.0413703581259,0.08978531404879142,0.021679559532629743,0.6987230933567289,3.7087027181869936,1.5576463133686123,2.380952380952381,15.137375550412878,1.3591140176683172,0.42,0
441.0,29.225389340987743,0.6923546498779991,0.21818195934948403,0.8477607253323868,2.8928424238651367,1.9810899434506963,6.0,14.612694670493871,10.117167102363888,0.5,0
442.0,65.0702059931193,0.12805756858870668,0.0010080615702301639,0.717938523047359,1.790707104561341,1.442125073382505,2.0,32.53510299655965,4.166366183522574,0.5,0
443.0,5.843312805244789,1.0,,1.0,,2.4903536253108805e-10,0.0,0.11686625610489579,0.11686625610489579,0.02,0
444.0,9.441458440206503,0.46946244966141787,-0.00045398369329812115,0.9467894473444342,34.96712113983607,0.19166067999260258,14.285714285714286,3.9654125448867314,1.861612287240642,0.42,0
445.0,67.83212158256185,0.7693496270485972,-0.018764144831689464,0.841322157158765,0.564450509614411,3.5362823961704506,6.521739130434782,31.202775927978454,24.00584402307117,0.46,0
447.0,25.084022537374288,0.31049964253010776,0.3117578213926916,0.6943431785394487,5.696009920704847,0.7313403706936452,11.76470588235294,8.528567662707259,2.6481172105644406,0.34,0
449.0,107.16378953596865,0.5113276119937152,0.00932764953421219,0.028991146051921657,0.8948841702759068,10.531407931621638,9.523809523809524,45.00879160510683,23.01423793016205,0.42,0
451.0,32.26372157684102,0.23380226189518222,-0.13080497697540255,0.1130768884443123,8.48330261339929,1.2635842446657712,7.142857142857142,9.033842041515486,2.1121327029101113,0.28,0
454.0,11.637132411682122,1.0,,1.0,,0.0,0.0,0.23274264823364246,0.23274264823364246,0.02,1
455.0,23.694641820492937,1.0,,1.0,,0.0,0.0,0.47389283640985874,0.47389283640985874,0.02,1
457.0,137.51618703400555,0.8369564935550358,-0.14417128721696473,0.38359886607622196,0.14728635160736506,3.8274126378541453,6.25,22.00258992544089,18.415210513126365,0.16,1
460.0,15.734990416851435,0.5010430927200267,-1.1396677515462514,0.7139130772108495,8.20604408596163,0.1853877483641038,0.0,0.944099425011086,0.47303449574275347,0.06,0
462.0,57.861943867345,0.7395052312841913,-0.10952031054474595,0.6615306871208815,1.198406931296819,2.7512514682087894,4.545454545454546,12.7296276508159,9.41362624007825,0.22,0
463.0,66.29064027779077,0.7197649284374882,-0.035739727355162454,0.872280882718142,2.589062115615867,0.42500286187343655,20.0,6.629064027779078,4.771367795561935,0.1,0
466.0,32.907294432715496,1.0,,1.0,,1.727380504557552e-13,0.0,0.6581458886543099,0.6581458886543099,0.02,1
467.0,67.22695605918094,0.6671808968161694,-0.16038893033947493,0.42676468035734105,1.2474559008117923,2.9602505299924835,10.0,13.445391211836187,8.97050816675711,0.2,0
469.0,6.466921506185358,0.3720184689583746,0.0868836208406224,0.21884321766999515,21.970102837844692,0.1599497599387502,5.555555555555555,1.1640458711133643,0.43304656276891124,0.18,0
470.0,82.58293329057274,0.6007183351382729,0.6965459968156341,0.6013846775024737,2.125604079050177,2.5366057219067346,0.0,9.90995199486873,5.953089863657749,0.12,0
471.0,6.1275316425728965,1.0,,1.0,,0.0,0.0,0.12255063285145794,0.12255063285145794,0.02,0
474.0,40.77216071893081,0.35144976983219073,-0.3861785860421664,0.03409804753165713,2.5473716173817826,2.808377109032005,0.0,6.523545715028931,2.2926986400366918,0.16,0
475.0,0.0,0.0,,,,473.8651669603913,0.0,0.0,0.0,0.0,0
478.0,100.322028690575,0.8925399470748867,-0.049425494361672456,0.5291048754467891,0.26824887375990636,1.569372284280842,10.0,10.0322028690575,8.954141817793108,0.1,1
481.0,56.17526579669927,0.07848183099383582,1.5357219027806777,0.26011700076964994,2.05072344982267,0.19038697993300585,0.0,3.370515947801956,0.2645242629774215,0.06,0
484.0,51.436609569530496,1.0,,1.0,,0.0,0.0,1.02873219139061,1.02873219139061,0.02,1
485.0,0.0,0.0,,,,417.684569197086,0.0,0.0,0.0,0.0,0
486.0,9.882519449124729,1.0,,1.0,,0.0,0.0,0.1976503889824946,0.1976503889824946,0.02,0
