frame_id,track_id,class,cx,cy,xmin,ymin,xmax,ymax
0,56.0,0,357.7341003417969,371.84197998046875,349.63232421875,362.6661376953125,365.83587646484375,381.017822265625
0,55.0,0,223.6751708984375,17.473241329193115,214.95330810546875,9.256339073181152,232.39703369140625,25.690143585205078
0,54.0,0,102.09030151367188,95.91352844238281,91.76779174804688,85.1706771850586,112.41281127929688,106.65637969970703
0,53.0,0,441.271484375,22.232864379882812,430.4613342285156,13.293085098266602,452.0816345214844,31.172643661499023
0,52.0,0,8.595232009887695,427.7132263183594,1.989630699157714,421.77435302734375,15.200833320617676,433.652099609375
0,51.0,0,338.84600830078125,10.436382293701172,327.0385437011719,0.0,350.6534729003906,20.872764587402344
0,50.0,0,335.8547058105469,279.2755432128906,327.7109680175781,270.1926574707031,343.9984436035156,288.3584289550781
0,49.0,0,37.726165771484375,327.8114929199219,30.330978393554688,321.7977294921875,45.12135314941406,333.82525634765625
0,48.0,0,636.3589477539062,471.0878601074219,632.7178955078125,462.68609619140625,640.0,479.4896240234375
0,47.0,0,490.3433837890625,170.80320739746094,480.56622314453125,162.32327270507812,500.12054443359375,179.28314208984375
0,46.0,0,267.1363525390625,33.4428014755249,257.27960205078125,23.40168571472168,276.99310302734375,43.483917236328125
0,45.0,0,608.9649658203125,72.44789123535156,600.5745849609375,63.8297119140625,617.3553466796875,81.06607055664062
0,44.0,0,307.7300109863281,143.10646057128906,297.4064636230469,133.5560302734375,318.0535583496094,152.65689086914062
0,43.0,0,576.286376953125,431.4505920410156,568.5294189453125,423.3483581542969,584.0433349609375,439.5528259277344
0,42.0,0,439.25701904296875,405.9607238769531,431.7394714355469,397.86444091796875,446.7745666503906,414.0570068359375
0,41.0,0,460.34014892578125,472.9978332519531,450.9008483886719,466.0769958496094,469.7794494628906,479.9186706542969
0,40.0,0,90.20665740966797,116.35842895507812,81.19872283935547,106.63597869873047,99.21459197998047,126.08087921142578
0,39.0,0,401.3553771972656,466.5989074707031,392.3888854980469,456.7078857421875,410.3218688964844,476.48992919921875
0,38.0,0,342.68841552734375,430.2156982421875,333.2122802734375,421.19677734375,352.16455078125,439.234619140625
0,37.0,0,345.5364074707031,287.2613220214844,336.64971923828125,278.1019287109375,354.423095703125,296.42071533203125
0,36.0,0,554.1744384765625,464.27569580078125,545.7875366210938,455.270263671875,562.5613403320312,473.2811279296875
0,35.0,0,581.7973022460938,463.6665344238281,573.9014282226562,454.4161376953125,589.6931762695312,472.91693115234375
0,34.0,0,440.521728515625,208.96128845214844,432.0618591308594,199.15789794921875,448.9815979003906,218.76467895507812
0,33.0,0,416.9338684082031,196.7761688232422,406.5235900878906,185.41009521484375,427.3441467285156,208.14224243164062
0,32.0,0,455.34002685546875,450.78863525390625,446.17474365234375,441.2123107910156,464.50531005859375,460.3649597167969
0,31.0,0,299.0150146484375,307.5108642578125,289.20697021484375,297.746826171875,308.82305908203125,317.27490234375
0,30.0,0,397.7929992675781,384.4671630859375,389.3545837402344,376.51617431640625,406.2314147949219,392.41815185546875
0,29.0,0,152.99073791503906,337.3292236328125,145.1971893310547,328.7993469238281,160.78428649902344,345.8591003417969
0,28.0,0,489.5442199707031,244.6215057373047,479.82806396484375,235.64329528808594,499.2603759765625,253.59971618652344
0,27.0,0,599.6342163085938,98.9278335571289,591.0543823242188,90.65908813476562,608.2140502929688,107.19657897949219
0,26.0,0,92.78656005859375,419.0685119628906,83.54048919677734,410.9570007324219,102.03263092041016,427.1800231933594
0,25.0,0,166.85279846191406,425.4606628417969,157.6532745361328,415.8077087402344,176.0523223876953,435.1136169433594
0,24.0,0,428.27056884765625,119.4766616821289,419.72149658203125,109.90504455566406,436.81964111328125,129.04827880859375
0,23.0,0,317.47808837890625,291.1814880371094,307.9190673828125,281.80126953125,327.037109375,300.56170654296875
0,22.0,0,40.73707962036133,330.8106384277344,32.655372619628906,323.6340026855469,48.81878662109375,337.9872741699219
0,21.0,0,445.10638427734375,301.17010498046875,435.0539245605469,290.5728759765625,455.1588439941406,311.767333984375
0,20.0,0,54.87583923339844,405.8377380371094,45.994781494140625,398.3804016113281,63.75689697265625,413.2950744628906
0,19.0,0,196.8837432861328,284.8289489746094,187.68580627441406,275.27142333984375,206.08168029785156,294.386474609375
0,18.0,0,152.2022705078125,116.60516357421875,142.59246826171875,108.2669677734375,161.81207275390625,124.943359375
0,17.0,0,106.35147857666016,351.70623779296875,97.70531463623047,342.555908203125,114.99764251708984,360.8565673828125
0,16.0,0,102.90718078613281,310.0704345703125,90.59819793701172,300.4072265625,115.2161636352539,319.733642578125
0,15.0,0,569.0452270507812,192.8633575439453,559.794189453125,182.69960021972656,578.2962646484375,203.02711486816406
0,14.0,0,396.8839416503906,145.93603515625,388.21197509765625,137.26174926757812,405.555908203125,154.61032104492188
0,13.0,0,51.14501190185547,422.09686279296875,42.73063659667969,414.9457702636719,59.55938720703125,429.2479553222656
0,12.0,0,270.2795715332031,154.0272674560547,260.9507751464844,145.45570373535156,279.6083679199219,162.5988311767578
0,11.0,0,492.6721496582031,62.701908111572266,481.33355712890625,53.09374237060547,504.0107421875,72.31007385253906
0,10.0,0,121.91145324707031,30.0924072265625,113.14497375488281,21.458820343017578,130.6779327392578,38.72599411010742
0,9.0,0,162.99749755859375,259.80525970458984,156.66552734375,252.51661682128906,169.3294677734375,267.0939025878906
0,8.0,0,376.8782653808594,324.2636413574219,366.6020202636719,314.9392395019531,387.1545104980469,333.5880432128906
0,7.0,0,212.57615661621094,215.57598876953125,202.6388702392578,207.2721405029297,222.51344299316406,223.8798370361328
0,6.0,0,14.239126682281494,350.6246643066406,6.1866044998168945,343.0657043457031,22.291648864746094,358.1836242675781
0,5.0,0,443.4617919921875,332.9453125,434.4211730957031,322.73828125,452.5024108886719,343.15234375
0,4.0,0,485.8784484863281,425.54278564453125,477.2752990722656,416.4473876953125,494.4815979003906,434.63818359375
0,3.0,0,11.195927143096924,446.1148681640625,3.521298408508301,438.8371887207031,18.870555877685547,453.3925476074219
0,2.0,0,372.4871826171875,115.0370864868164,362.23797607421875,103.97972106933594,382.73638916015625,126.09445190429688
0,1.0,0,540.7579956054688,209.4425048828125,531.6907958984375,199.3091583251953,549.8251953125,219.5758514404297
1,77.0,0,163.03981018066406,109.8325424194336,155.1890869140625,101.76566314697266,170.89053344726562,117.89942169189453
1,76.0,0,301.91375732421875,151.16761779785156,293.24688720703125,142.7620086669922,310.58062744140625,159.57322692871094
1,75.0,0,3.735992431640625,456.16534423828125,0.0,446.3673095703125,7.47198486328125,465.96337890625
1,74.0,0,52.59978485107422,18.45017433166504,43.29008865356445,9.726648330688477,61.909481048583984,27.1737003326416
1,73.0,0,180.6367950439453,417.9674987792969,170.6581573486328,409.23577880859375,190.6154327392578,426.69921875
1,72.0,0,608.9028930664062,125.01966094970703,600.3858642578125,117.119873046875,617.419921875,132.91944885253906
1,71.0,0,195.9329071044922,9.681897163391113,186.36497497558594,0.3696727752685547,205.50083923339844,18.994121551513672
1,70.0,0,278.0981750488281,34.759437561035156,268.21258544921875,25.075965881347656,287.9837646484375,44.442909240722656
1,69.0,0,53.14291000366211,326.477783203125,44.47003173828125,319.10601806640625,61.81578826904297,333.84954833984375
1,68.0,0,166.2683868408203,312.2898254394531,158.87232971191406,303.96240234375,173.66444396972656,320.61724853515625
1,67.0,0,607.70654296875,38.935035705566406,598.7694091796875,28.776325225830078,616.6436767578125,49.093746185302734
1,66.0,0,314.92279052734375,403.01129150390625,306.1734313964844,393.13836669921875,323.6721496582031,412.88421630859375
1,65.0,0,306.9786071777344,472.0245361328125,296.3917236328125,464.18182373046875,317.56549072265625,479.86724853515625
1,64.0,0,501.91229248046875,194.31297302246094,492.6081237792969,185.9923095703125,511.2164611816406,202.63363647460938
1,63.0,0,223.95458984375,46.264381408691406,213.579833984375,36.225006103515625,234.329345703125,56.30375671386719
1,62.0,0,312.4324645996094,332.3280944824219,303.1468505859375,321.64276123046875,321.71807861328125,343.013427734375
1,61.0,0,523.5489501953125,214.37777709960938,514.3759765625,205.94139099121094,532.721923828125,222.8141632080078
1,60.0,0,11.090766906738281,412.5033874511719,2.509765625,404.44903564453125,19.671768188476562,420.5577392578125
1,59.0,0,572.091796875,424.7625732421875,563.2010498046875,415.3312072753906,580.9825439453125,434.1939392089844
1,58.0,0,223.69725036621094,329.7914733886719,214.55369567871094,321.41632080078125,232.84080505371094,338.1666259765625
1,57.0,0,223.94549560546875,74.91415405273438,214.9517822265625,66.25282287597656,232.939208984375,83.57548522949219
1,56.0,0,357.3026248872447,371.72620785355423,348.0564817140204,361.95450450925244,366.548768060469,381.497911197856
1,53.0,0,440.43065650016365,24.166915819971646,428.61985480740213,14.27955504071309,452.24145819292517,34.0542765992302
1,51.0,0,338.57272016987815,9.790715817113519,327.14875905829916,-0.09378016840454251,349.99668128145714,19.67521180263158
1,47.0,0,489.8989091447197,170.90035040379524,480.4041922861603,162.42618868067515,499.3936260032791,179.37451212691533
1,44.0,0,306.9012058363216,146.6573754012275,296.60135333219415,137.43699041412796,317.20105834044904,155.87776038832706
1,42.0,0,439.4520068898279,406.106339214232,431.241706422006,396.95751265710066,447.66230735764975,415.2551657713633
1,40.0,0,89.65400112775436,116.38563265859533,80.67031184202999,106.70197837488811,98.63769041347872,126.06928694230254
1,39.0,0,400.73706127537093,465.1422353509041,389.9395101183854,452.8866995564354,411.5346124323565,477.3977711453728
1,37.0,0,343.90854883746437,287.68477215464003,334.17346567975443,278.6935019942142,353.6436319951743,296.67604231506584
1,36.0,0,554.5111968299174,464.81494857538144,545.6539830858302,455.4741876713221,563.3684105740045,474.15570947944076
1,35.0,0,583.6141983928368,466.2811414144823,574.755009509168,456.25503273277,592.4733872765056,476.3072500961946
1,34.0,0,441.0809988219215,210.41034719670623,433.1722953034798,201.25463614473313,448.98970234036324,219.56605824867933
1,33.0,0,417.5816613661019,198.86563600943273,408.0724028584678,188.49876524375583,427.090919873736,209.23250677510964
1,32.0,0,453.3755319269952,453.4380898378489,443.70667366102566,443.06234129771093,463.0443901929648,463.8138383779869
1,31.0,0,297.63420165028043,307.66834974727107,286.8469897867205,296.3755429530749,308.4214135138404,318.96115654146723
1,30.0,0,400.36799839826,378.7836487816183,390.82559583635333,369.75894995228344,409.91040096016667,387.80834761095315
1,27.0,0,602.255048263373,99.73241017029565,593.4005932432308,91.30971861936325,611.1095032835153,108.15510172122805
1,26.0,0,92.825458455743,419.36377055541163,83.17994741102855,410.818748948121,102.47096950045746,427.90879216270224
1,24.0,0,426.34861117403744,120.23629039256896,417.2760207912676,110.42303391221904,435.42120155680726,130.04954687291888
1,23.0,0,318.82280268804385,291.0417009750653,308.79863648518244,281.1384208775457,328.84696889090526,300.9449810725849
1,22.0,0,42.18357514439704,333.2237579766341,34.89099865283958,326.6681391497978,49.4761516359545,339.77937680347037
1,21.0,0,445.44167793325744,300.78784946284674,436.1065125975775,290.88872738731857,454.7768432689374,310.6869715383749
1,20.0,0,50.42900254466369,402.783050494436,40.697017301462225,393.68375034716485,60.16098778786515,411.88235064170715
1,17.0,0,104.8611947020387,353.1746274922973,95.54582953437124,342.8938998702531,114.17655986970617,363.4553551143415
1,16.0,0,102.83541061151423,310.09856896699546,90.39027419848905,300.09859909281977,115.28054702453942,320.09853884117115
1,15.0,0,567.8605919661543,193.31655934387524,557.9442073970228,182.7113994262475,577.7769765352858,203.92171926150297
1,11.0,0,492.97985817897427,62.656897272627404,481.46294433282344,52.9026924757652,504.4967720251251,72.4111020694896
1,10.0,0,122.04201729241439,30.332262875507034,113.8379698464878,22.160269753463513,130.24606473834098,38.50425599755056
1,9.0,0,163.24243769110367,259.3266240438842,156.54919423577223,252.1836107796181,169.93568114643512,266.46963730815025
1,8.0,0,376.9110990151662,324.90325642127397,365.9014666712024,314.61974509186973,387.92073135913,335.1867677506782
1,7.0,0,212.91384566273157,216.18879681875646,202.42209264504515,207.52672670363793,223.405598680418,224.85086693387498
1,6.0,0,13.724319383757999,351.2135031925313,3.4235575779326872,342.1183134738009,24.02508118958331,360.30869291126163
1,5.0,0,443.12582701661324,334.0639141416531,433.98764881997107,323.66130479125,452.2640052132554,344.4665234920561
1,4.0,0,485.25479252167906,425.7309992657249,475.83524727739155,415.949297060068,494.6743377659666,435.51270147138183
1,2.0,0,372.27275701470245,110.42865247570225,362.4447843535589,100.14424911512252,382.100729675846,120.71305583628198
2,77.0,0,162.99376375485647,109.12704648525774,154.75066603550064,100.54358403432312,171.2368614742123,117.71050893619235
2,76.0,0,301.98262861848497,152.6880195136076,293.2289051534814,144.30146329685732,310.73635208348855,161.07457573035788
2,75.0,0,3.5018153460179144,455.84741334995175,-0.0477424255732779,446.26534071178884,7.051373117609106,465.42948598811466
2,74.0,0,55.44104614212091,15.69353364669367,46.20260672098688,6.987725602396662,64.67948556325494,24.399341690990678
2,73.0,0,180.48002664594236,415.723246639555,171.43255145835374,407.36047941859385,189.52750183353098,424.0860138605161
2,72.0,0,607.6880485970546,124.49434568669574,598.7677905809094,116.03859753536803,616.6083066131998,132.95009383802343
2,71.0,0,196.92040306789323,9.330263930228156,186.27504378450618,-0.29552285072018414,207.56576235128028,18.956050711176495
2,70.0,0,277.73068856373817,34.43377123934433,268.1867442281005,25.143476112617776,287.27463289937583,43.724066366070886
2,69.0,0,54.13900725021393,326.70179036803785,45.37042277090307,319.23583742944817,62.90759172952479,334.16774330662753
2,68.0,0,166.77460763666852,308.60510439535545,159.40975014685068,300.5036713893018,174.13946512648636,316.7065374014091
2,67.0,0,608.0724121837486,38.783706522540385,598.6923086726009,28.26434886086257,617.4525156948963,49.3030641842182
2,66.0,0,316.94968766971823,405.46835197604184,308.1444821318215,395.6029964617041,325.75489320761494,415.3337074903796
2,65.0,0,308.0773438603412,474.0899426120784,297.57076952490996,467.8927650499976,318.58391819577247,480.2871201741592
2,64.0,0,501.7893799535284,194.88544086299322,492.2665162642606,186.2548597753112,511.3122436427962,203.51602195067525
2,63.0,0,221.8845298986553,48.535596950026545,212.32475940234957,39.326036686803,231.44430039496103,57.74515721325009
2,62.0,0,316.4096979285258,334.53835343571603,307.7515963824513,324.771938454668,325.06779947460035,344.3047684167641
2,61.0,0,525.5871987428562,212.20892636355904,516.8284233985459,203.89599577154118,534.3459740871666,220.5218569555769
2,60.0,0,8.95065871241852,413.2824539172378,0.8699578887294503,405.4388225213042,17.031359536107587,421.12608531317136
2,59.0,0,570.58486732425,423.5559676959426,561.8383714356233,414.251941792398,579.3313632128767,432.85999359948727
2,58.0,0,225.2980578685826,331.0701542548356,216.84382563806886,322.88722574614127,233.7522900990963,339.2530827635299
2,57.0,0,219.70159579866464,76.06132492312325,210.29197172822427,67.03168629579318,229.111219869105,85.09096355045332
2,56.0,0,357.5881908809784,371.953186208832,348.75284149894986,362.7004688306641,366.42354026300694,381.2059035869999
2,53.0,0,441.0611950172617,23.575738210145676,429.4705127517726,13.989306183683219,452.6518772827508,33.162170236608134
2,51.0,0,338.86400949800384,9.79083903813946,327.445494926791,-0.01797684758378182,350.28252406921666,19.5996549238627
2,47.0,0,489.9919062785536,170.64303653717198,480.52434379426535,162.15589477131724,499.4594687628418,179.13017830302672
2,44.0,0,307.9084767041335,145.49660314727896,297.708131859723,136.40806912938774,318.108821548544,154.58513716517018
2,42.0,0,439.18735670900537,406.1151136159729,430.9559510280119,396.7966121449291,447.41876238999885,415.43361508701673
2,40.0,0,90.05229522809236,115.86536103929939,81.1749642802873,106.15731271141972,98.92962617589743,125.57340936717905
2,39.0,0,400.22979333244183,465.087806684731,389.64013648402255,452.8046062666725,410.8194501808611,477.37100710278946
2,37.0,0,344.39745098482496,288.9544732421851,334.9780242480653,280.4437848086283,353.8168777215846,297.46516167574185
2,36.0,0,554.1663159061479,465.20850524773624,545.5594311096519,456.2646155311197,562.773200702644,474.15239496435277
2,35.0,0,582.7660598319904,465.26811817497486,574.0134141659398,455.4665245114131,591.5187054980411,475.0697118385366
2,34.0,0,441.1503459245455,210.20688065728868,433.33175895370636,201.12486612416856,448.9689328953846,219.2888951904088
2,33.0,0,418.21008964682994,200.26503490587803,409.3316760353979,190.54632151755098,427.088503258262,209.98374829420507
2,32.0,0,453.39471733775343,452.73636485008967,443.95460474465386,442.54984568927296,462.834829930853,462.9228840109064
2,31.0,0,297.5677530628725,307.3343689393917,287.1054765623138,296.33263958270754,308.0300295634312,318.3360982960759
2,30.0,0,402.73832841720076,376.7675390547787,393.2606453141485,367.9263863008279,412.216011520253,385.6086918087295
2,27.0,0,601.5294361959337,99.54018456353361,592.6030885903846,91.20347097578687,610.4557838014829,107.87689815128036
2,26.0,0,93.50472630705627,419.02322458399686,84.11845395320321,410.70258861793354,102.89099866090933,427.3438605500602
2,24.0,0,426.17266702218683,120.2384241302547,417.1905470511857,110.56589109367061,435.15478699318794,129.91095716683878
2,23.0,0,319.09604754751956,290.0574786974703,309.5919305261313,280.6389766720614,328.6001645689078,299.47598072287917
2,21.0,0,445.408456101433,300.7174070044203,436.071462240869,290.7250155788398,454.745449961997,310.7097984300008
2,20.0,0,49.933956523758575,402.6117309315776,39.98630419653544,392.87295616817045,59.881608850981706,412.35050569498475
2,17.0,0,105.19147451023778,353.0903021988106,95.88709153864858,342.6376688555869,114.49585748182699,363.5429355420343
2,16.0,0,102.89398501719522,309.6319181137687,90.4339578362774,299.5721096771441,115.35401219811304,319.69172655039324
2,15.0,0,568.0096464755192,193.1363886869527,557.5554603160311,182.19058913738485,578.4638326350072,204.08218823652055
2,11.0,0,492.9413932913918,62.670417500106225,481.4835611440864,52.94357503819657,504.3992254386972,72.39725996201588
2,10.0,0,122.0210114939331,30.491328840975438,113.67221245419572,22.084470828118576,130.3698105336705,38.8981868538323
2,9.0,0,163.20780229357158,259.4276050414606,156.37872301314243,252.26697154695847,170.03688157400072,266.5882385359627
2,8.0,0,376.7154555788465,324.95340878186107,365.9085349432675,314.90533736661143,387.5223762144255,335.0014801971107
2,7.0,0,212.8790128399086,216.32646558336563,202.51944245344538,207.707547532799,223.23858322637182,224.94538363393227
2,6.0,0,13.62514446852337,351.31966039073393,3.1862758533578557,342.26029484123166,24.064013083688884,360.3790259402362
2,5.0,0,443.1312641614492,334.08703582051766,433.91681777075985,323.5703411646612,452.3457105521386,344.6037304763741
2,4.0,0,485.2631955097011,425.69710248002764,475.6969738808123,415.76037922990827,494.8294171385899,435.633825730147
2,2.0,0,372.5423804867449,109.97794173520285,362.4493155711581,99.42906136260564,382.6354454023317,120.52682210780006
3,56.0,0,358.03493655975694,371.83907097290574,349.3602251709196,362.9164860603613,366.7096479485943,380.7616558854502
3,53.0,0,441.2723120497804,23.160493806858664,429.83238107909654,13.754640255616275,452.71224302046426,32.566347358101055
3,51.0,0,338.66538046359204,9.463354266115399,327.49516818343506,-0.05644239737587853,349.83559274374903,18.983150929606676
3,47.0,0,489.7942177414214,170.48686845819694,480.3782658248149,162.0178320224442,499.2101696580279,178.95590489394968
3,44.0,0,308.16553742545165,144.45970900412865,298.042686467432,135.4482269464859,318.2883883834713,153.4711910617714
3,42.0,0,439.123110840975,406.21374665925543,430.57854874611957,396.515535445363,447.66767293583047,415.91195787314786
3,40.0,0,90.30123668449778,115.91865769688833,81.40424770715826,106.13797911570705,99.1982256618373,125.69933627806961
3,39.0,0,400.69019932228616,465.163919418656,389.9874813088089,452.75295529493366,411.3929173357634,477.57488354237836
3,37.0,0,344.35220117807114,290.0673146321442,335.29745380388823,281.67684878164243,353.40694855225405,298.45778048264594
3,36.0,0,553.8497373877736,465.7287720523261,545.4553017941179,457.08544779025897,562.2441729814294,474.3720963143933
3,35.0,0,581.740046352706,464.67352714640805,573.1679178770755,455.0386697469067,590.3121748283365,474.3083845459094
3,34.0,0,441.78054932565254,210.1430405552086,433.87764235018074,201.03029992482794,449.68345630112435,219.25578118558923
3,32.0,0,452.7967245811796,453.2445548653283,442.8555568007391,442.75094545811885,462.7378923616201,463.7381642725378
3,31.0,0,297.3958105735853,306.97485228858756,287.4845516730268,296.6935357974217,307.3070694741439,317.2561687797534
3,30.0,0,403.6367165051739,374.110985310931,393.2560120826515,364.37534766595746,414.0174209276963,383.8466229559046
3,27.0,0,601.2581984960528,99.17541523498241,592.5655593208253,91.18195496153947,609.9508376712804,107.16887550842534
3,26.0,0,93.37305964748707,419.08031254066356,84.2024802346338,410.9856657201787,102.54363906034034,427.1749593611484
3,24.0,0,426.5069469050673,120.20948200938417,417.3351365234639,110.33243087288639,435.6787572866707,130.08653314588196
3,23.0,0,318.9341383948488,290.0367790529953,309.6856755563422,280.841530241725,328.1826012333554,299.2320278642656
3,21.0,0,445.0256432216232,301.1644711327934,435.272893895714,290.7209650212781,454.77839254753246,311.60797724430864
3,20.0,0,49.03492321021181,402.8496650067858,39.03220790258548,392.75616113247725,59.03763851783813,412.9431688810944
3,17.0,0,105.41581692131126,353.0408114221662,96.2354083756428,342.636280118878,114.59622546697972,363.4453427254544
3,16.0,0,102.7434333518209,309.7744508921391,90.2497617094713,299.6783090168843,115.2371049941705,319.8705927673939
3,15.0,0,568.8260138149172,193.22607789392026,558.4610366563047,182.53276051541891,579.1909909735298,203.9193952724216
3,11.0,0,492.8652744070741,62.7990031072914,481.5771237344022,53.179730367558946,504.15342507974594,72.41827584702385
3,10.0,0,121.98694489302324,30.40705666774446,113.7361902932031,22.062171696862755,130.23769949284338,38.751941638626164
3,9.0,0,163.23602217574063,259.3320611570549,156.2569942740075,252.14838687806832,170.21505007747376,266.5157354360415
3,8.0,0,376.7910700332266,324.795934831628,366.0197131320838,314.770744660073,387.56242693436946,334.82112500318306
3,7.0,0,212.82562349377326,216.26101051049076,202.47440207350365,207.689195007314,223.17684491404287,224.83282601366753
3,6.0,0,13.65180644596185,351.40925869744774,3.5566927675630904,342.6898209216834,23.746920124360607,360.1286964732121
3,5.0,0,443.2184760884569,334.0728034829447,433.7599454880203,323.2740016805317,452.67700668889347,344.87160528535776
3,4.0,0,485.48109395474245,425.87966041095433,475.6792569979574,415.72516785485516,495.2829309115275,436.0341529670535
3,2.0,0,373.4705725698589,108.4762330320256,363.1256662645996,97.68137613214118,383.81547887511823,119.27108993191003
4,77.0,0,163.4421700590175,106.49499856087144,155.10919331856246,97.51389241835493,171.77514679947257,115.47610470338795
4,76.0,0,302.6945846827311,157.17352860165522,293.52115843244104,148.46146521343923,311.86801093302114,165.88559198987122
4,75.0,0,2.5667745908642456,459.6586753691782,-0.34046051142835143,450.37981649420993,5.474009693156843,468.93753424414643
4,74.0,0,58.54913883642955,12.008699999375562,49.61459292060516,3.4760179277601537,67.48368475225394,20.54138207099097
4,72.0,0,605.7107412639566,122.30797286105474,596.8226398311663,114.06373665193028,614.5988426967469,130.55220907017917
4,71.0,0,194.25828054333772,5.648705754438524,184.81856414992123,-0.9747133882338233,203.6979969367542,12.27212489711087
4,70.0,0,278.45956728930526,34.729916128894416,268.24392919867887,25.21826232506199,288.67520537993164,44.24156993272685
4,69.0,0,55.73162132564843,326.9093175919354,47.01713163160143,319.4167881365062,64.44611101969544,334.4018470473646
4,68.0,0,165.87115909971067,307.53673734202533,157.98923927980985,298.80628967912565,173.75307891961148,316.267185004925
4,67.0,0,607.1524238069414,38.75381353409565,597.7988178234991,28.614574179018337,616.5060297903838,48.893052889172964
4,66.0,0,321.1028131502281,408.2538534093234,311.90004503886115,398.0279372389252,330.305581261595,418.4797695797217
4,65.0,0,312.62995664894635,475.289350179667,300.87510472711284,470.05075821147756,324.38480857077985,480.52794214785644
4,64.0,0,501.97262480706087,200.17628979180697,492.9643286513144,191.36863247448798,510.9809209628073,208.98394710912595
4,63.0,0,220.33745561033578,51.42149916138028,211.45459301289404,43.09656504343654,229.22031820777752,59.74643327932402
4,62.0,0,319.01023150785363,337.1359986597896,310.5730460960485,327.6074034721379,327.4474169196588,346.6645938474413
4,61.0,0,532.5370534098439,205.82618772606875,524.3894337416326,197.93193355025457,540.6846730780552,213.72044190188294
4,60.0,0,8.750126283241404,409.6850888314747,0.30150341353828836,401.4461379802182,17.19874915294452,417.9240396827311
4,59.0,0,567.882755253854,420.58854075312684,559.0838043871472,411.09763992174453,576.6817061205609,430.07944158450914
4,58.0,0,226.71178967742117,337.263147490904,218.23435422078407,328.50488855526214,235.18922513405826,346.0214064265458
4,57.0,0,213.96211145126836,75.03734810685437,204.8841602525976,66.24411747145552,223.0400626499391,83.83057874225321
4,56.0,0,358.2062604405629,372.1099578064298,349.5505635742132,363.26900719888033,366.86195730691264,380.9509084139793
4,53.0,0,441.5038597768799,22.643625675778246,430.2667902412715,13.498831356826463,452.7409293124883,31.788419994730027
4,51.0,0,338.9722360710233,9.285570450027432,328.09254229665993,0.12477539447536223,349.8519298453867,18.4463655055795
4,47.0,0,489.77052885528207,170.38600969024424,480.4167074323647,161.95050102095297,499.1243502781994,178.8215183595355
4,44.0,0,309.07328268946,144.86957932433072,298.9254902943127,135.9713251455545,319.22107508460726,153.76783350310694
4,42.0,0,439.82421326357843,406.43896536966093,431.124317075536,396.61220876422163,448.52410945162086,416.26572197510023
4,40.0,0,90.45527335994723,116.02421965096103,81.4949756455791,106.17258551227295,99.41557107431535,125.87585378964911
4,39.0,0,400.9948903808355,465.05212332887817,390.0042945114912,452.448295367149,411.9854862501798,477.65595129060733
4,37.0,0,344.1903553768691,290.06788733266126,335.2551781573852,281.66592062234633,353.12553259635297,298.4698540429762
4,36.0,0,554.0926410339525,465.3793961372082,545.5531934291787,456.66059923289833,562.6320886387264,474.098193041518
4,35.0,0,581.3166335458435,464.6802993032448,572.5463171533944,454.9142733674936,590.0869499382926,474.446325238996
4,34.0,0,442.36542735334297,210.44154995070616,434.49597890194246,201.44188888978016,450.23487580474347,219.44121101163216
4,32.0,0,452.19648915629716,453.5640023964628,442.09611166051246,442.88081758154385,462.29686665208186,464.24718721138174
4,31.0,0,297.51749737613943,307.09166804670184,287.6752458185476,296.9483681546767,307.3597489337313,317.234967938727
4,30.0,0,406.90694582598724,370.99179061038245,396.725757205279,361.52893026573264,417.08813444669545,380.45465095503226
4,27.0,0,601.8781408487963,98.81728111119779,593.5302392343336,91.1939401002677,610.226042463259,106.44062212212788
4,26.0,0,93.16262138284088,419.5354759486948,83.81810175743176,411.1967912800493,102.50714100825,427.8741606173403
4,24.0,0,426.25659079410326,119.79451489779552,417.1681120646438,110.01350185517641,435.3450695235627,129.57552794041464
4,23.0,0,318.8972583923055,290.31924679308185,309.668156206339,281.08153883547914,328.126360578272,299.55695475068455
4,21.0,0,444.98780905995295,301.0505604248793,435.0222768359172,290.39103234088964,454.9533412839887,311.7100885088689
4,20.0,0,48.47663095079174,403.1742385413019,38.55735084560982,392.9243298154677,58.395911055973656,413.42414726713616
4,17.0,0,105.54980232372372,353.2898384230495,96.18871420346113,342.70839940686494,114.91089044398632,363.87127743923406
4,16.0,0,102.68896736470994,309.6922834849753,90.0503569004558,299.6159389669544,115.32757782896408,319.7686280029962
4,11.0,0,492.741233015116,62.70960668897868,481.6559378880083,53.271889676913666,503.8265281422237,72.1473237010437
4,10.0,0,122.009517463666,30.449196430586376,113.73855997266111,22.10675355937365,130.2804749546709,38.7916393017991
4,9.0,0,163.26363997149443,259.3248554901243,156.22032968829,252.1771835725563,170.30695025469885,266.4725274076924
4,8.0,0,376.86825388933494,324.87677831652474,366.33842196010585,315.15807190647485,387.398085818564,334.5954847265746
4,7.0,0,212.63035056881833,216.0522050407487,202.53621764957109,207.6486449502197,222.72448348806557,224.4557651312777
4,6.0,0,13.72304514236794,351.40511588109956,3.8759915207443836,342.8663230666166,23.570098763991496,359.94390869558254
4,5.0,0,443.22039121093115,333.9566571495178,433.73522269297644,323.1490436979233,452.7055597288859,344.76427060111234
4,4.0,0,485.3728787242462,425.60678928257926,475.35064834026053,415.33964505018605,495.3951091082319,435.87393351497246
4,2.0,0,372.09910239603016,104.78488959397018,363.07245836269936,95.3784432532633,381.12574642936096,114.19133593467706
5,77.0,0,162.83233846888274,105.22080571633722,154.06141771111,95.73897881082917,171.60325922665547,114.70263262184528
5,76.0,0,304.84098696876174,159.63775085067513,295.1873167162739,150.37401226263745,314.49465722124955,168.90148943871282
5,74.0,0,60.46644510932366,12.517900827041345,51.754951701633665,4.206552321582825,69.17793851701366,20.829249332499863
5,72.0,0,602.0209288966142,120.83105361274326,593.0445533937555,112.69888537067226,610.997304399473,128.96322185481426
5,71.0,0,193.67149490767983,4.8377998629597005,184.29146974770728,-0.8784367062495004,203.05152006765238,10.554036432168902
5,70.0,0,278.9001319610466,34.638418743589135,268.5275120939991,25.022077919885053,289.2727518280941,44.25475956729322
5,69.0,0,55.85394330060143,326.56329051721974,47.150941912540894,319.007426293215,64.55694468866196,334.11915474122446
5,68.0,0,165.24037395081294,307.1070498025441,157.4118414962839,298.48332551013675,173.06890640534198,315.73077409495147
5,67.0,0,608.6497781253489,38.60935076492986,599.2684190091289,28.57245808440849,618.0311372415689,48.646243445451226
5,66.0,0,322.96047702677873,408.13241651527784,313.86905503382746,398.12029000997853,332.05189901973,418.14454302057715
5,64.0,0,501.6250525946925,202.21944684157285,492.86702117749064,193.6742623218566,510.3830840118943,210.7646313612891
5,63.0,0,218.46868018499475,53.21504160226851,209.13248319875152,44.66360992317832,227.804877171238,61.76647328135871
5,62.0,0,318.0622551573514,339.56729043562933,309.51197089549606,330.0867897758381,326.6125394192067,349.04779109542056
5,61.0,0,533.8844033568918,204.32972635875996,525.6749941853357,196.39782833413477,542.0938125284479,212.26162438338514
5,60.0,0,9.811608877399959,407.77574592313175,0.8753330932538752,399.0775654813418,18.747884661546042,416.4739263649217
5,59.0,0,567.9525018160965,420.4629820470194,558.8794597560104,410.6599136292842,577.0255438761826,430.26605046475464
5,58.0,0,224.39688658704614,339.047108698368,215.74829218371576,329.8643379104845,233.04548099037652,348.2298794862515
5,57.0,0,212.87049335273602,72.7678194590505,203.5111401121347,63.67033329162122,222.22984659333733,81.86530562647978
5,53.0,0,441.54919153591266,23.125547224962517,430.25682742122797,13.906910265124672,452.84155565059734,32.34418418480036
5,51.0,0,338.75876347184493,9.570403585340172,327.74333103456706,0.2892165419955788,349.7741959091228,18.851590628684765
5,47.0,0,489.64348130189666,170.55652888961694,480.2230727169126,161.97377060474545,499.0638898868807,179.13928717448843
5,44.0,0,309.6154163241084,145.54234843924374,298.8341596260215,136.33865180594475,320.39667302219533,154.74604507254273
5,40.0,0,90.288062040022,115.7811765461203,80.87665547514112,105.63356568333774,99.69946860490288,125.92878740890288
5,39.0,0,400.87404826703454,464.9096867681796,389.95312905049263,452.34982293064576,411.79496748357644,477.46955060571344
5,37.0,0,344.3497353489583,290.9105153089288,335.07675318552776,282.23965997637043,353.6227175123888,299.5813706414871
5,36.0,0,554.2229382497711,465.2910823602228,545.6994605293224,456.58108522894696,562.7464159702198,474.0010794914986
5,35.0,0,581.9271947757263,465.0216298316551,573.174470149867,455.2093710022071,590.6799194015856,474.8338886611031
5,34.0,0,442.4559141609158,210.63551214313313,434.5400911538119,201.64576093719637,450.37173716801976,219.62526334906988
5,32.0,0,452.0914198493273,454.08897856088726,442.3449810630724,443.75030073668404,461.83785863558217,464.4276563850905
5,31.0,0,297.4566475205242,307.05539897373336,287.4823300779967,296.8881239446541,307.4309649630517,317.2226740028126
5,30.0,0,407.5083529366881,368.84677562422934,397.2515438438751,359.32014428406853,417.7651620295011,378.37340696439014
5,27.0,0,602.5093334424018,99.21444765030427,594.2175759174027,91.68541039880674,610.801090967401,106.74348490180179
5,26.0,0,92.78135423075638,419.80855997778167,83.3425224608096,411.2767637301114,102.22018600070315,428.34035622545196
5,24.0,0,426.1317397182278,120.00076036716547,417.04747137716896,110.25134301982908,435.2160080592866,129.75017771450186
5,23.0,0,318.830707884997,290.40063374982645,309.4626756587228,280.99565510834645,328.19874011127126,299.80561239130645
5,21.0,0,444.8285646477416,301.2040238609849,434.79042384063143,290.47407281290316,454.86670545485174,311.9339749090666
5,20.0,0,47.868861318145264,403.0177118650864,38.15183856847816,392.8523871062215,57.585884067812366,413.18303662395135
5,17.0,0,105.78864523186107,354.2471058693211,96.48708747161703,343.8406277983321,115.0902029921051,364.6535839403101
5,16.0,0,103.0471331952225,309.23277306332045,90.53264992137034,299.24651975438275,115.56161646907466,319.21902637225816
5,11.0,0,492.7866171116504,62.6573872393969,481.6832835997532,53.21018176255928,503.8899506235476,72.10459271623452
5,10.0,0,121.77604839205947,30.517274974180154,113.10361290831318,21.796032823969412,130.44848387580575,39.238517124390896
5,9.0,0,162.99109835947698,259.4453911223468,155.91517333352553,252.26914980642385,170.06702338542843,266.6216324382697
5,8.0,0,377.00494624377694,324.4920543105369,366.4542760333669,314.75190905025573,387.555616454187,334.23219957081807
5,7.0,0,212.64049573460414,216.05697092982535,202.43862355086327,207.64832025113122,222.84236791834502,224.46562160851948
5,6.0,0,13.862387391125218,351.65799442521325,3.9659037673746127,343.12068762129655,23.758871014875822,360.19530122912994
5,5.0,0,443.4346354907951,334.1660253118064,434.0128680833612,323.3415441686262,452.85640289822896,344.99050645498653
5,4.0,0,485.3566874122645,425.47179749768515,475.5616408676899,415.490781529039,495.15173395683905,435.4528134663313
5,2.0,0,371.5006113918356,103.44754101684391,362.96647308539445,94.53245524183669,380.03474969827676,112.36262679185114
