sperm_id,Velocity,Straightness_Ratio,Angular_Displacement,Linearity,Curvature,ALH,BCF,Total_Distance,Displacement,Time_Elapsed
1.0,1e-323,0.0,,,,209.4425048828125,0.0,0,0.0,0.0
2.0,87.97415008925671,0.8771067586536373,-0.008809452004989326,0.9878186171796777,0.7272388637019674,8.635920070955713,0.5952380952380952,147.79657214995126,129.6333723385622,1.68
3.0,147.79657214995126,0.0,,,,446.1148681640625,0.0,0,0.0,0.0
4.0,8.444140840668947,0.17280635497581856,-0.023235028216168702,0.6981411660110792,25.73403272390059,1.7430027339443914,1.8,42.22070420334474,7.296005997892226,5.0
5.0,11.902569094629268,0.07498570368434675,-0.00013162575536452618,0.2624144756497294,14.318183798803462,3.0432607969856975,0.4,59.51284547314634,4.4626125960616685,5.0
6.0,7.849526320495268,0.01183072041160646,-0.014706618979087276,0.03529170886495725,21.21697509814836,2.59113088214179,1.6,39.24763160247634,0.4643277563066276,5.0
7.0,9.059538533311692,0.017787990878618123,-0.008650610146096473,0.08550285029916593,19.977445444527014,2.451646836084678,2.8688524590163933,44.21054804256106,0.7864168253197844,4.88
8.0,10.821022166873819,0.017436421576081492,-0.018190678830151165,0.0027475188071356405,17.047776356606935,1.568014774182754,4.0,54.10511083436909,0.9433995219286737,5.0
9.0,12.013204872503843,0.026393136843316366,0.0052868597291562775,0.08250626693460683,12.382110765664551,1.347119236353979,3.6144578313253013,19.94192008835638,0.5263298258104695,1.66
10.0,81.85906075987977,0.72029279528724,0.0005270237178532668,0.9303398947405557,2.3477130652372606,37.98710205786536,1.6,409.2953037993988,294.8124584716091,5.0
11.0,11.964905780389437,0.014989934556739323,0.008175282951561029,0.003666949661595309,17.826493398039823,1.9607585384509794,3.4,59.82452890194718,0.8967657731279485,5.0
12.0,59.82452890194718,0.0,,,,154.0272674560547,0.0,0,0.0,0.0
13.0,154.0272674560547,0.0,,,,422.0968627929688,0.0,0,0.0,0.0
14.0,422.0968627929688,0.0,,,,145.93603515625,0.0,0,0.0,0.0
15.0,38.72466826482865,0.18240594469259017,-1.3333899412352868,0.46339497497406834,8.419278697595978,0.779449020103823,0.0,2.323480095889719,0.42381658186519416,0.06
16.0,11.699062926791543,0.06699175146419858,-0.03683194581387118,0.018534421086075725,14.183525778784611,1.255860670766294,6.03448275862069,13.570912995078189,0.9091392305085408,1.16
17.0,17.235743305077293,0.01605089804253741,-0.0018794062329429353,0.013629755677287858,9.108978107892785,1.4731317905911774,4.2,86.17871652538646,1.3832457923857118,5.0
18.0,86.17871652538646,0.0,,,,116.60516357421876,0.0,0,0.0,0.0
19.0,116.60516357421876,0.0,,,,284.8289489746094,0.0,0,0.0,0.0
20.0,16.694762517718893,0.17248846770713294,0.006146102927885332,0.26831290647524586,11.561592609597392,9.169769185903068,0.8,83.47381258859446,14.398270027079043,5.0
21.0,15.146061044735509,0.027115302179150973,0.015112983243200288,0.007212047688855749,10.775871735545037,2.438676541074998,3.2,75.73030522367755,2.053450110259352,5.0
22.0,140.67244984659675,1.0,,1.0,,0.0,0.0,2.813448996931935,2.813448996931935,0.02
23.0,27.278158336699736,0.1261273413403273,0.018792414497457218,0.015476284711921862,9.687101042595414,18.73376558803235,1.2345679012345678,88.38123301090715,11.14728994404569,3.24
24.0,11.51074025935591,0.14754824383878534,-0.02228240135865079,0.6975465693808821,16.052579535871626,1.7604895527202693,2.0,57.55370129677955,8.491947552761845,5.0
25.0,57.55370129677955,0.0,,,,425.4606628417969,0.0,0,0.0,0.0
26.0,8.497797666727388,0.015547894706084288,-0.005421118553287284,0.024765249101512676,25.96915504720592,1.2007821462551047,3.2,42.48898833363694,0.6606143167794308,5.0
27.0,18.58288241654939,0.047484479526131454,-0.006786215995258569,0.002520944790958657,10.677883506795027,3.6162148397957594,3.6,92.91441208274695,4.411992498225739,5.0
28.0,92.91441208274695,0.0,,,,244.6215057373047,0.0,0,0.0,0.0
29.0,244.6215057373047,0.0,,,,337.3292236328125,0.0,0,0.0,0.0
30.0,93.32070065396326,0.21556023621775808,-0.007958190979776372,0.18943644165840035,0.6060750597361589,19.664178816820314,2.0547945205479454,272.4964459095727,58.739398248767024,2.92
31.0,11.248260174913215,0.058785467438683306,-0.016481982486252187,0.02463362831786642,12.724083682763704,2.058114332278947,2.4193548387096775,27.89568523378477,1.6398608959904133,2.48
32.0,32.97969663965423,0.2577136547806509,-0.20552552192271548,0.5112351585969431,8.961943347708798,1.3936495532794406,14.285714285714285,9.234315059103185,2.3798090832774843,0.28
33.0,93.04019414342766,0.9982137161849443,-0.12144934681503616,0.9890274811268518,0.07917027074165926,0.10943846771640924,0.0,3.7216077657371063,3.714959918019184,0.04
34.0,22.257568097720693,0.03933890551283019,0.007300634102037065,0.5706113578611287,8.026034231258773,2.370403440525207,8.585858585858587,44.06998483348697,1.7336649693164035,1.98
35.0,17.352403861312954,0.038925161407206636,-0.014877412039507086,0.425558445174259,14.606571108878784,2.814653339970436,1.9047619047619047,72.8800962175144,2.836869508639498,4.2
36.0,31.85659732204579,0.03364949291757844,-0.011492094445165633,0.006059200156592115,5.5879730913638745,8.25500919816624,1.5789473684210527,60.527534911886995,2.0367208573360234,1.9
37.0,10.379457213714009,0.11570071942908106,-0.005374283916021957,0.17843411099106132,18.34894434117426,3.3095461739778003,1.6,51.89728606857004,6.004553334550379,5.0
38.0,51.89728606857004,0.0,,,,430.2156982421875,0.0,0,0.0,0.0
39.0,19.995689559547213,0.308923800066648,0.11555916317737953,0.07973859871557021,8.040685282234378,1.2930290370905202,13.88888888888889,7.198448241436997,2.2237719853277964,0.36
40.0,13.41854932776236,0.03729128481873234,-0.010229416788071214,0.002329398966252061,13.781897200890699,2.0622518296471064,6.4,67.0927466388118,2.501974724178978,5.0
41.0,67.0927466388118,0.0,,,,472.9978332519531,0.0,0,0.0,0.0
42.0,17.028195947008307,0.5446156757470823,-0.11020727201400282,0.48813366441467887,6.65664052033221,0.27975724073974134,12.5,1.3622556757606645,0.7419057953946925,0.08
43.0,1.3622556757606645,0.0,,,,431.4505920410156,0.0,0,0.0,0.0
44.0,32.894333916495476,0.018847152017178632,-0.019030512401701276,0.027130838629099374,5.914364185437103,9.561623352771095,1.2448132780082988,158.5506894775082,2.9882289470110814,4.82
45.0,158.5506894775082,0.0,,,,72.44789123535156,0.0,0,0.0,0.0
46.0,72.44789123535156,0.0,,,,33.4428014755249,0.0,0,0.0,0.0
47.0,8.312195305362373,0.03598853920975096,-0.02454536486561194,6.734075449965626e-05,19.38098731909397,1.7015515993216328,3.4412955465587043,41.06224480849013,1.4777702073307397,4.94
48.0,41.06224480849013,0.0,,,,471.0878601074219,0.0,0,0.0,0.0
49.0,471.0878601074219,0.0,,,,327.8114929199219,0.0,0,0.0,0.0
50.0,327.8114929199219,0.0,,,,279.2755432128906,0.0,0,0.0,0.0
51.0,14.272591175510835,0.07871742714734488,0.0562196049641082,0.004182201833933141,13.71958923070668,1.5303428461075241,4.054054054054054,21.123434939756034,1.6627824509719251,1.48
52.0,21.123434939756034,0.0,,,,427.7132263183594,0.0,0,0.0,0.0
53.0,32.83731853439605,0.276156447854489,0.010529489937676726,0.4488272527948738,8.992168026573825,0.703333867817315,6.25,5.253970965503368,1.45091795896403,0.16
54.0,5.253970965503368,0.0,,,,95.9135284423828,0.0,0,0.0,0.0
55.0,95.9135284423828,0.0,,,,17.473241329193115,0.0,0,0.0,0.0
56.0,24.71916911567168,0.20693067666434747,1.4928034418174352,0.029523865113298853,4.506904912517967,0.5002204376777342,10.0,2.471916911567168,0.5115154391686381,0.1
57.0,126.31112394612171,0.3695029165697393,-4.258879059386052e-05,0.2859155933201907,0.3490937825006424,47.50290633840146,1.0928961748633879,462.29871364280547,170.82072301745535,3.66
58.0,120.99708039947794,0.7805962513192402,0.006344855542053142,0.9343546807631283,0.2452636820885456,27.167475290901475,1.0,241.99416079895587,188.89973476081036,2.0
59.0,75.15659137694031,0.26891727125632137,0.04537741733978954,0.00021271409049683498,1.729794289751095,20.773887194448193,1.8867924528301885,159.33197371911348,42.8471195964279,2.12
60.0,113.66705135268961,0.64951118713051,-0.06514606756681042,0.33224925469827593,0.6040073648690307,4.822211808215677,4.166666666666667,27.280092324645505,17.718725150810418,0.24
61.0,121.26351131871692,0.6267160810070073,-0.00033898925621216476,0.7609996887805488,0.37652594504025394,19.00695216862895,1.9736842105263157,184.32053720444972,115.516644725879,1.52
62.0,110.1144941692375,0.5672793754762614,-0.008060119641372359,0.8271803273253897,0.7664047472163976,89.7526386014892,0.20161290322580647,546.167891079418,309.82978015671904,4.96
63.0,88.55930392919211,0.7083337284667472,-0.002826420705323717,0.37232181760606176,0.8572797457999451,65.35519939865036,0.8064516129032259,439.25414748879285,311.13852803521917,4.96
64.0,113.14568243320122,0.5620299433656782,-0.027151759266825854,0.6208264554535703,1.045679314042707,14.848496994629743,3.252032520325203,278.338378785675,156.4345032654076,2.46
65.0,176.1857157920033,0.9260994049673028,-0.8242987703194216,0.7775329606744431,0.1750862894308893,1.2387979574888845,0.0,7.047428631680132,6.526619462348504,0.04
66.0,150.7084503099605,0.7358734890198653,-0.1113101403372651,0.9032775400145091,0.28859517646990973,9.15757265226138,0.0,66.31171813638262,48.79703538792176,0.44
67.0,73.53180926119812,0.15532059380458124,0.0271998575166385,0.0041424671379982625,1.2119436100235623,26.826142877541265,0.9009009009009008,163.24061655985983,25.354629497103385,2.22
68.0,102.82028485138056,0.22894931325796597,0.017325473037986247,0.3459161207111896,0.9025509315824175,49.33837460327816,1.3392857142857142,230.3174380670925,52.73101927679494,2.24
69.0,70.3217899448468,0.5723053593749907,0.0004323293279324964,0.8901629494174146,2.555019221702501,25.95495037820614,1.6528925619834711,340.3574633330585,194.78840036878628,4.84
70.0,19.015899742819215,0.24072353904618254,0.2195242578989676,0.0015949001290497256,6.169717442908883,0.9064346399886396,7.692307692307692,4.944133933132996,1.1901694179020967,0.26
71.0,105.41742936969712,0.518305957452799,0.036719569769954705,0.22292084044846538,0.6065451250800071,23.482684464132063,0.0,120.1758694814547,62.28786909430797,1.14
72.0,90.50494538511818,0.876890668168025,-0.003667353513764449,0.9766835270120457,0.6966559090242618,9.534552104369062,1.6304347826086956,166.52909950861746,146.0278133375311,1.84
73.0,112.48604354928268,1.0,,1.0,,0.0,0.0,2.2497208709856538,2.2497208709856538,0.02
74.0,108.21497395483264,0.7567096375215278,0.04051765125327946,0.6077764296373234,0.3263178149282222,6.898518809537835,2.5,86.57197916386612,65.50985097261038,0.8
75.0,107.97878976845838,0.852900564162241,4.017024886878909,0.931067207505756,1.0236320812441386,0.32297800224780815,50.0,4.319151590738335,3.683806828442967,0.04
76.0,111.93126111252222,0.4348211614197301,-0.016947407561092122,0.9092430303499462,0.2592134709789508,13.16269212565776,5.128205128205128,349.22553467106934,151.85065258310058,3.12
77.0,24.92551770267705,0.1220906597265705,-0.0024453995683236126,2.4801291462761554e-06,5.935723300630537,20.65612565185572,0.20161290322580647,123.63056780527816,15.094137585716918,4.96
78.0,19.133005712749476,0.24922057143353676,0.014824878151719043,0.7583265120012431,10.413936782713987,2.227216730055521,9.25925925925926,41.32729233953887,10.299611412660704,2.16
79.0,10.792965539919987,0.17875491406771826,-0.015734252713709932,0.8922469201643617,19.55049356776877,2.003619495298987,4.526748971193415,52.45381252401114,9.376376750253815,4.86
81.0,27.135357022548213,0.264703374844534,-0.10300714713366849,0.10150719615176762,3.9910979025657642,5.317302838185872,4.444444444444445,24.421821320293393,6.4645385233318535,0.9
82.0,97.60401686846515,0.542173445453949,-0.046606277614195606,0.20135643187390462,0.3455567697420948,8.386387079873906,5.714285714285714,68.3228118079256,37.04281428100477,0.7
84.0,38.78840541766557,0.040695415298098246,0.05167451589049459,0.47022890135620643,3.027973731894707,1.526192881482771,7.575757575757575,25.600347575659278,1.041816776367117,0.66
85.0,114.6860663935108,0.49346260478574805,0.37732379549261885,0.05699319624302912,0.24603958730305137,7.7956716627127065,0.0,20.643491950831944,10.186791309931154,0.18
86.0,11.666613490927304,0.42513594397231574,0.5349645003539387,0.00220213200213637,6.2422522211890055,0.2588223416397381,0.0,0.6999968094556382,0.297593804365532,0.06
88.0,24.660613247288502,0.06252120898227445,-0.0021990091820785398,0.22250774919961736,7.513515800328697,6.790939552201215,7.8431372549019605,75.46147653670282,4.717942744662197,3.06
90.0,22.349818900870265,0.9995689688423225,-0.07422458752608385,0.9993570001515005,0.4274341390377317,0.01038051840983143,0.0,0.8939927560348107,0.8936074173022217,0.04
91.0,22.55402581137612,0.28583791100585115,-0.21832904453618066,0.0004807211063314609,7.858535803935779,1.6305854716087038,7.692307692307692,5.864046710957791,1.6761668619009074,0.26
92.0,106.07346569093782,0.9954353440353232,0.22081188490966397,0.9900230693054491,0.20805029196570946,0.17510853557847345,0.0,4.242938627637513,4.22357107252311,0.04
95.0,49.87669058410538,1.0,,1.0,,9.117432322812979e-13,0.0,0.9975338116821076,0.9975338116821076,0.02
96.0,0.9975338116821076,0.0,,,,450.8631902885758,0.0,0,0.0,0.0
97.0,450.8631902885758,0.0,,,,477.1021948190143,0.0,0,0.0,0.0
98.0,76.69936127207252,1.0,,1.0,,1.8972668073137444e-11,0.0,1.5339872254414506,1.5339872254414506,0.02
100.0,11.726060882712947,0.1571312423154431,-0.10953949615155636,0.25558207062180105,12.411568654083112,1.9916491062170127,1.923076923076923,6.097551659010732,0.9581158672629474,0.52
104.0,10.343147986360748,0.1200902459536522,-0.056383000659194084,0.5736603036846804,11.705175525924849,0.7003230011945651,5.172413793103448,11.998051664178467,1.4408489753158182,1.16
105.0,109.77003168164552,0.3161651894470877,-0.039892158922381966,0.13810578540782714,0.6546279227120619,17.339564672681465,3.6363636363636362,120.74703484981008,38.1760091484643,1.1
108.0,67.83268393297439,0.9480004557550473,2.65859895593033,0.7492496789040736,1.5607631166410434,0.462020111440443,0.0,4.069961035978463,3.8583249170128675,0.06
113.0,11.538365704607804,0.3328995102569579,-0.3030145490411895,0.04614021650196387,15.231184681093989,0.18952615678091034,16.666666666666668,0.6923019422764682,0.23046697753377704,0.06
115.0,19.48659028829241,1.0,,1.0,,0.0,0.0,0.38973180576584815,0.38973180576584815,0.02
119.0,84.12250025441104,1.0,,1.0,,0.0,0.0,1.6824500050882207,1.6824500050882207,0.02
120.0,52.12512320006563,0.5428204343190409,0.014616691422673774,0.9430177344900633,2.310901385772142,9.313185376377582,3.9215686274509802,212.6705026562678,115.44189461872402,4.08
121.0,108.20272262499034,0.6235272213233957,0.014699049863135515,0.7382912069073702,0.3073549008700606,49.465603586195094,2.0161290322580645,268.34275210997606,167.31901058540615,2.48
124.0,17.766409355428937,0.04091724518116607,0.016860617121740206,0.04910542885366587,16.10086343750063,2.2521445512787404,5.5,35.532818710857875,1.4539050551700972,2.0
125.0,21.266565127169958,0.18612557767913376,-1.9299660102281682,0.6613056450089299,4.029103595628747,0.48757143621334126,0.0,1.2759939076301974,0.23749510317272574,0.06
129.0,19.647014194436036,0.2054254346993614,-0.02297444132508872,0.007725662983219084,5.526073815620079,1.3824701060060856,6.756756756756757,14.538790503882666,2.986637359263044,0.74
131.0,81.73150548434633,0.44206205622365713,-0.059538699658196054,0.11711259693453402,1.174659047151662,10.484105645913028,0.0,73.5583549359117,32.517357635398724,0.9
132.0,22.254433527149835,0.0429873977354027,0.0815541242655962,0.030310709156409987,5.965306450155976,1.2086021078154114,12.0,11.127216763574918,0.4783300927038354,0.5
134.0,21.81680313093674,0.10259294903644697,-0.0841470372191137,0.48599814330092617,8.438519365152525,1.4612511443372733,4.0,10.90840156546837,1.1191250858751949,0.5
135.0,66.01359021045158,0.8891212752897132,-0.0763283729785284,0.9012530841638653,0.5105029804985209,2.6423139858070988,7.894736842105263,25.085164279971604,22.30375325546031,0.38
136.0,24.214463642978977,0.07710317712400816,0.009077837650865212,0.3391427343523383,8.645468003282888,6.88446271895298,2.806122448979592,94.92069748047759,7.3186873505716585,3.92
137.0,85.16229480547857,0.7699180353076506,-0.012430451591711685,0.9409071918162192,1.2585802327482565,15.340629420613121,0.0,148.1823929615327,114.08829685612949,1.74
140.0,106.79111047734742,0.442402464642226,0.2124562262718909,0.04943032208817111,1.1132710389678484,8.27675483319697,6.0,53.39555523867371,23.62232523852937,0.5
142.0,128.92864254943194,0.6176828887546815,0.0209711268260522,0.6562410106799432,0.7773395410878011,4.8947253632586305,9.090909090909092,28.36430136087503,17.52014360209363,0.22
143.0,14.97015365758115,0.34361207182712855,-0.036087075040851194,2.5490890805279776e-05,7.158925537933064,0.7141073456294191,5.0,2.9940307315162302,1.0287851027703852,0.2
144.0,2.9940307315162302,0.0,,,,185.44589163220377,0.0,0,0.0,0.0
147.0,12.062677493886,0.18875943559992217,-0.04015879438148473,0.33925407712922795,8.237247833006977,0.22548457933501134,3.846153846153846,3.13629614841036,0.5920054908481494,0.26
149.0,62.68217196326794,0.4888773162678206,-0.6316317958545588,0.9870287370878161,3.4129711469846264,0.1300462218121787,0.0,5.014573757061435,2.4515113605792367,0.08
151.0,5.014573757061435,0.0,,,,308.93172861339576,0.0,0,0.0,0.0
152.0,308.93172861339576,0.0,,,,475.6091670601056,0.0,0,0.0,0.0
153.0,128.0586865343661,0.5515961324898235,0.06703917184929506,0.2809517978038334,0.7842225800506397,10.770359058086983,12.5,40.97877969099715,22.603736391706555,0.32
155.0,39.84417710991351,0.3044475018942171,1.4742376978089782,0.265006971767911,1.679247872327449,1.02576354916644,33.333333333333336,2.3906506265948106,0.7278276111686349,0.06
157.0,48.235011530196616,0.8247559276632326,-0.5081774625637556,0.43448548159480205,0.8433284034226634,0.7422524390275087,33.333333333333336,2.8941006918117966,2.3869267008260415,0.06
158.0,100.03327723045594,0.6309093607337585,0.031728433789893457,0.695761430395077,0.8932137892760199,32.722272137167714,1.1111111111111112,180.0598990148207,113.60147578122564,1.8
160.0,15.973160166071425,0.03470559633678708,0.018614061059595115,0.018002812169366722,11.882292992612541,3.168589718506374,1.7857142857142858,53.669818157999984,1.8626430444603133,3.36
161.0,27.929430000820506,0.1999875255903691,0.06999947600850555,0.07833025097445478,5.22740687008866,1.1230097889049666,13.157894736842104,10.613183400311792,2.122504286865135,0.38
163.0,209.4947495168974,0.5571307979348775,1.3687605777501535,0.8352017021026263,0.2015129072864768,1.5609016498044006,0.0,12.569684971013844,7.002958617690981,0.06
164.0,22.767558768165614,0.07019609932154779,0.04977768920004837,0.22732963933553296,6.143073919553394,2.3632493284893235,5.747126436781609,39.61555225660817,2.7808572408828334,1.74
165.0,39.61555225660817,0.0,,,,192.77857355833223,0.0,0,0.0,0.0
166.0,89.72160374929419,0.5191102794171022,0.020706613700863456,0.38762915317948654,0.5887903666892638,31.836848801718684,0.6060606060606061,296.0812923726708,153.69884241375388,3.3
167.0,39.71912611699132,1.0,,1.0,,0.0,0.0,0.7943825223398264,0.7943825223398264,0.02
168.0,137.34901754668084,0.605996839194957,0.008786303983789628,0.696588727437569,0.6190537958857606,21.669799596881862,1.0416666666666667,131.8550568448136,79.90374767982841,0.96
169.0,6.841961307577828,1.0,,1.0,,0.0,0.0,0.13683922615155655,0.13683922615155655,0.02
170.0,95.19251592826159,0.7929377584339459,-0.764106835828037,0.37555826541197745,0.4395322287344213,1.4765064927697131,33.333333333333336,5.711550955695695,4.528904411990606,0.06
171.0,103.75526353937657,0.48962458883985205,0.4509736863832691,0.011509469416176699,0.46296515900393853,6.823755516361623,7.692307692307692,26.97636852023791,13.208293345113814,0.26
172.0,26.744599445255055,0.09861571201472055,0.0038701126041178215,0.05825452776804618,7.744465958796412,5.362831418945733,3.9215686274509802,54.558982868320314,5.380372942358348,2.04
174.0,15.951554865525802,0.32128736083708925,0.40886106343628204,0.029778736377352955,6.568614171200333,0.3257289065674556,8.333333333333334,1.9141865838630963,0.6150039556791378,0.12
175.0,96.47065630399409,0.8622240280195371,-0.012445224181594623,0.9900891426927653,0.8330636784506523,9.55198829709491,0.7874015748031495,245.035467012145,211.27546737486009,2.54
180.0,13.925161026618392,0.09239315730170297,-0.0023102776136465553,0.6786918201280734,28.64212986694456,2.5653742530440606,3.9215686274509802,42.61099274145228,3.9369641551427237,3.06
181.0,121.54644997480068,0.6232029101541768,0.04015178279838461,0.6504205707723795,0.2114848223471006,12.242535127660267,2.6315789473684212,46.18765099042426,28.784278510417845,0.38
182.0,24.707229251223854,0.04715967521661951,0.026715078321379485,0.07688767879766845,7.432546591418181,3.137877708362578,7.4766355140186915,52.873470597619054,2.493495700959196,2.14
185.0,52.873470597619054,0.0,,,,323.3521967989157,0.0,0,0.0,0.0
186.0,79.46579282294317,0.2599264109342209,-0.12808252691240882,0.007541437872359058,1.5786372189378246,10.820519266603949,2.0833333333333335,38.14358055501272,9.914523993844794,0.48
187.0,23.60865721947823,0.10667323089029351,0.21194522274653685,0.5621851495657413,6.972858633884362,1.3225575981770177,6.25,7.5547703102330335,0.8058917576266227,0.32
188.0,22.30766194849294,0.7664365260121674,-1.6117903558876445,0.0067947366934395514,13.994901218110684,0.503925926520709,0.0,1.784612955879435,1.3677925541805396,0.08
189.0,11.72127226316607,0.8365703006639221,-2.2474090381595815,0.9288770421239121,7.410742090485983,0.09492022568813058,0.0,0.7032763357899642,0.5883400956816318,0.06
190.0,73.92121278523081,0.17773500018736865,-0.1565941780441688,0.06532770612299021,1.1640865903802844,8.904287056275871,5.88235294117647,25.13321234697848,4.467051501199396,0.34
191.0,81.46247150126949,0.8360883263927442,-0.02088927557974314,0.8511667371507611,0.809297309028674,4.1694508717084915,8.695652173913043,37.47273689058397,31.330517872203995,0.46
192.0,120.9386204412934,0.5028830096053584,0.015541970867674676,0.8113676113036208,0.3616962007696121,10.00989825568451,6.741573033707865,215.27074438550224,108.25599981656717,1.78
194.0,19.454360329398426,0.5194076737890305,0.8587014339273649,0.8871870706992886,3.2084855512173274,0.27145763589106275,0.0,1.9454360329398428,1.0104744043746434,0.1
195.0,82.57452595388591,0.3139814745163669,0.4461975043187301,0.19612371359656589,1.1840657491486835,6.91536754221002,0.0,23.12086726708806,7.259523996617511,0.28
196.0,9.210333274974216,0.04359444030207261,-0.0013607079541602118,0.2666531184762281,14.960767890599428,1.1461325057301164,1.9801980198019802,18.604873215447917,0.8110690347184739,2.02
197.0,11.975756712357578,0.23998513268702423,-0.02485678634773898,0.0040416328719402594,16.040328181782403,0.38858097727857804,3.846153846153846,3.1136967452129705,0.7472409265470902,0.26
199.0,64.61451256811361,0.6848459183032678,-0.11887433607369262,0.40984877795592056,1.2378971787691968,4.04532781347999,0.0,16.79977326770954,11.50525615081123,0.26
202.0,15.15240667725836,0.16451187174641949,-0.09810429778299934,1.369330544509495e-07,8.775250142782001,0.7626910511823884,5.555555555555555,2.727433201906505,0.44869514110896913,0.18
203.0,89.97322804012377,0.39070213515365526,-0.01998461850253063,0.7554471797624993,0.8271472121045286,10.584205413338442,2.0833333333333335,86.37429891851882,33.74662300986536,0.96
204.0,82.7482986160539,0.42634761574739743,0.05461001018564428,0.45815821273951907,2.137720286956854,7.633889133537124,6.8965517241379315,47.99401319731126,20.462133096822782,0.58
206.0,108.9951840877082,0.27361432711265454,0.016375880030895913,0.18436942299274717,0.2501299032351829,23.869106335100998,3.1007751937984493,281.20757494628714,76.94242139790973,2.58
207.0,62.00205911206186,0.5486312997409933,0.001464367993890106,0.6477812456009406,1.1488827074825212,17.636392145375815,1.1811023622047243,157.48523014463711,86.40132650426172,2.54
209.0,9.432344342447141,0.21082298194544774,-0.005495283230652184,0.05465326501597334,31.739045752650348,0.5483329022511638,6.730769230769231,9.809638116145027,2.068097159451419,1.04
216.0,20.58921235835883,0.14904751512336337,-0.0655937115278752,0.01076674663505206,15.113620026932841,4.212749313001407,0.0,23.471702088529064,3.498398872011115,1.14
217.0,108.15282733405445,0.9938004572208772,-0.2608273226166551,0.9771068840758164,0.25056017087635873,0.2051233059941725,50.0,4.326113093362178,4.299293170172556,0.04
221.0,32.78821246555672,0.15681806363987177,0.012953957788384375,0.6145756475709192,7.630767306324816,9.440289618276424,0.0,70.82253892560252,11.10625341637243,2.16
222.0,97.86591066264248,0.39458259117406996,0.003352233592182812,0.8724616585606243,2.9660743558116907,17.265113319193148,5.701754385964913,223.13427631082484,88.04490092647616,2.28
223.0,92.61827824056475,0.5736980988603209,0.021936916849792775,0.5076994904363924,3.1391411284597304,9.461981003400476,4.285714285714286,64.83279476839532,37.19445110242975,0.7
226.0,108.91722917854472,0.830208448810589,0.7030710265763496,0.754781186564678,0.7386916284120537,3.2161928610420722,0.0,15.24841208499626,12.659360543909385,0.14
229.0,20.95430162655109,0.12932757019675384,0.0020953806345903,0.5483252059894306,7.703670219481321,2.6809357784852725,4.310344827586207,24.30698988679926,3.143563940856817,1.16
230.0,35.353349560607036,0.7593355840119368,3.698795014125647,0.9283572059880616,3.0130562428042693,0.11277551787641486,0.0,1.4141339824242816,1.0738022534152678,0.04
232.0,41.57296340506797,1.0,,1.0,,0.0,0.0,0.8314592681013595,0.8314592681013595,0.02
236.0,15.308966031285845,1.0,,1.0,,0.0,0.0,0.3061793206257169,0.3061793206257169,0.02
237.0,12.556824365711586,0.6157501234712988,0.4889780642201771,0.050558552543912616,17.268414151955916,0.08041191290056085,33.333333333333336,1.5068189238853902,0.9278239384313186,0.12
238.0,194.846552657687,0.6804954316366567,0.5872881582286136,0.5112693435873473,0.5124775099975287,11.25808201518348,5.0,38.9693105315374,26.51843779074146,0.2
239.0,35.60183831524562,0.4428037802412964,-0.028086742687363535,0.8873928476405268,2.790408912918394,0.836908616224025,6.25,5.696294130439299,2.52234057432483,0.16
240.0,115.68144262839643,0.3221890503826038,0.012324090229150406,0.5661926048951809,0.4343631824935423,9.35447904771548,5.932203389830509,136.50410230150777,43.980127093852595,1.18
241.0,70.53710551565823,0.2975856488808972,0.060965141975379875,0.20208776803066475,1.428485281563817,5.167387227702169,3.571428571428571,19.750389544384305,5.877432488216091,0.28
243.0,9.716695423928522,0.22423492714797644,-0.05196373735495541,0.24553467347081626,12.701379882962328,0.59420836757648,3.2258064516129035,6.024351162835684,1.3508699441122867,0.62
244.0,6.024351162835684,0.0,,,,463.1792956665033,0.0,0,0.0,0.0
246.0,10.538357856581007,0.9190285180643115,0.06288344066244249,0.8164549315599883,2.4710137146784343,0.12756086989498133,12.5,0.8430686285264806,0.7748041123012029,0.08
249.0,98.47165654779587,0.3113102339233081,0.07761886576448675,0.3104909680373702,0.38867245131137057,16.970000887060554,4.761904761904762,41.35809575007426,12.875198462578194,0.42
250.0,24.488442185131547,0.3574303231092265,-0.10150019740115501,0.8271350765119571,9.163387634593269,0.7148003873292778,16.666666666666668,2.9386130622157856,1.0503494163207818,0.12
251.0,124.27581948516281,0.9404158516412869,0.4460503871705337,0.8687503965500842,0.17782529485618395,1.005107165387216,0.0,7.456549169109769,7.012257037173494,0.06
252.0,118.52876346709647,0.7664694023494216,-0.052304747624320656,0.5792834126229226,1.0202642032600826,4.9565641641215485,12.0,59.264381733548234,45.424335247920695,0.5
253.0,18.752428105257078,0.37225773903648307,-0.06181853625363316,0.048581799242157,9.771384395627468,0.8930900305825081,6.25,6.0007769936822655,2.233835676130304,0.32
254.0,61.39635331782212,1.0,,1.0,,0.0,0.0,1.2279270663564423,1.2279270663564423,0.02
255.0,85.04160054669231,0.2852154807073898,-0.06748020667729701,0.00841537438799278,1.706374060643288,18.993446809139677,0.0,91.8449285904277,26.195595458454722,1.08
256.0,91.8449285904277,0.0,,,,7.822099232256564,0.0,0,0.0,0.0
257.0,137.56425623024745,0.8927651851267705,-0.4619094602586367,0.7531130204488709,0.15456116495680286,2.1134577337270106,0.0,11.005140498419797,9.82500629441787,0.08
259.0,40.982434904197866,1.0,,1.0,,0.0,0.0,0.8196486980839573,0.8196486980839573,0.02
261.0,0.8196486980839573,0.0,,,,201.79946597122296,0.0,0,0.0,0.0
262.0,84.88491180856326,0.989560849900214,-0.2892402619114205,0.030430148225286224,0.16978087018160423,0.24466339253508113,50.0,3.3953964723425303,3.359951418919463,0.04
263.0,39.69714644039194,1.0,,1.0,,3.665733316679973e-11,0.0,0.7939429288078388,0.7939429288078388,0.02
265.0,113.97767447702428,0.6719872900388034,-0.21922673348865845,0.024399622487727757,0.2118716215221567,7.454304366112055,0.0,22.795534895404856,15.318309719348088,0.2
266.0,80.11844416147481,1.0,,1.0,,0.0,0.0,1.6023688832294962,1.6023688832294962,0.02
269.0,128.9682504920941,0.2931697309117754,-0.061879551315209426,0.15668567463157757,0.37931623498766365,34.11059034974574,0.0,128.9682504920941,37.80958729292968,1.0
271.0,8.34299841796245,0.0070670388799379796,-0.029943851655324906,0.009913928471421585,23.068129381456796,0.6319997962685748,10.256410256410255,13.015077532021422,0.09197805894420263,1.56
272.0,112.42546755631741,0.44762001777468613,-0.08244890152592449,0.17436592868822098,0.7772401462958867,48.96340238720636,1.4925373134328357,150.65012652546534,67.4340123130875,1.34
273.0,128.7874715127151,0.2659700682669623,-0.10188409068893424,0.5933483087745882,0.30528476519876435,19.48940073331172,0.0,84.99973119839196,22.60738430950975,0.66
275.0,35.701905126527535,0.2108890470626377,-0.014610849571904894,0.009312378206789429,3.17848118376859,3.362524563832382,6.0606060606060606,23.563257383508176,4.969232895299701,0.66
277.0,93.04962667227196,0.43547358573315137,0.018954101801368767,0.9342749871420676,1.186939395717123,8.249696700772436,6.756756756756757,137.7134474749625,59.970568775595915,1.48
279.0,79.17073788053919,0.8824382796901054,-0.03413117621225154,0.01544181342680262,0.45192167347215856,2.613412143714234,8.333333333333334,38.001954182658814,33.53437907380765,0.48
283.0,88.78750369213203,0.26446934670515176,0.008364802261024538,0.010518100696113697,0.6594550650297846,19.11143037181978,2.1126760563380285,126.07825524282748,33.34383379779596,1.42
284.0,25.241520960291602,1.0,,1.0,,0.0,0.0,0.504830419205832,0.504830419205832,0.02
286.0,26.38195735858532,0.04845338731623289,-0.021759676838588808,0.009970593418099805,5.655725910120045,2.814995722300332,7.462686567164178,35.351822860504335,1.7129155653948727,1.34
288.0,64.12353141844636,0.9009432087236525,0.14716768845159386,0.965994333724882,0.9674734598505472,3.384769984104394,1.25,51.29882513475709,46.217328120661605,0.8
290.0,144.55740967313446,0.587171282525386,-0.5330028239824158,0.3272291802560633,0.978130515500247,6.50429114020667,0.0,20.238037354238827,11.883194349085082,0.14
291.0,18.256217810798088,0.06424266401843393,0.03738749770946515,0.08996521099506605,9.700557511508547,2.294209173177437,0.0,20.0818395918779,1.2901108737730962,1.1
292.0,20.0818395918779,0.0,,,,464.8926585809725,0.0,0,0.0,0.0
294.0,122.42657973674966,1.0,,1.0,,0.0,0.0,2.4485315947349933,2.4485315947349933,0.02
295.0,23.78716104007533,0.22827788783034117,0.08556176626861778,0.019447196527778376,10.44272922937742,0.7078649914083074,11.11111111111111,8.563377974427118,1.9548298366950878,0.36
299.0,123.66114653241382,0.6523523545660762,0.3777121015735209,0.11333543318250128,0.2834347343598525,8.83577346477824,4.166666666666667,29.678675167779318,19.360953626102575,0.24
300.0,34.60107778432969,0.3537460270868658,-1.3531600167592785,0.08565937258169531,4.831176574697519,0.3776073173058492,12.5,2.7680862227463754,0.9791995039304193,0.08
301.0,2.7680862227463754,0.0,,,,261.74931021735307,0.0,0,0.0,0.0
302.0,103.28196809121438,0.5221525744087476,-0.0832260218527931,0.7312948040363221,0.746848089014587,15.3906420510563,3.4482758620689657,119.80708298580868,62.55757681344247,1.16
303.0,12.19325443295826,0.0934588558034237,0.14453096816839667,0.16588359354622317,9.570423746488009,0.794311643697479,4.545454545454546,5.365031950501635,0.5014097474426933,0.44
304.0,10.088170287933176,0.14841285518372055,0.3950227713916756,0.044838323724680884,24.896228488070708,0.4383283884661826,12.5,1.6141072460693082,0.23955426496187823,0.16
305.0,28.617320597854857,1.0,,1.0,,2.5425013461004554e-11,0.0,0.5723464119570971,0.5723464119570971,0.02
306.0,119.43614128003519,0.2883427344612286,-0.006620005457126155,0.0028694242522772084,0.45670030354298613,27.1924536259688,1.7543859649122808,136.1572010592401,39.25993967000858,1.14
307.0,136.1572010592401,0.0,,,,176.507119001809,0.0,0,0.0,0.0
308.0,176.507119001809,0.0,,,,96.80103185441703,0.0,0,0.0,0.0
310.0,151.04716719627478,0.7190567797648617,-0.6160294335906776,0.4403634627155274,1.5510304044083065,3.2321444971521287,0.0,12.083773375701984,8.688919170940641,0.08
311.0,26.782515518954447,0.20770186993693868,0.021150272764497813,0.13098643423286138,4.383887404952614,1.4042866914558028,12.5,8.570404966065423,1.7800891375686139,0.32
312.0,8.570404966065423,0.0,,,,477.2113002202208,0.0,0,0.0,0.0
313.0,22.508089695553288,0.14014164859021108,0.00035039209830337037,0.06960706787680937,7.5491891085158,6.000329989929267,3.061224489795918,22.057927901642223,3.0912343806201563,0.98
319.0,189.9703408588544,1.0,,1.0,,0.0,0.0,3.799406817177088,3.799406817177088,0.02
320.0,23.86148418535238,0.22126841311175893,0.08160482738813084,0.0655621464694186,7.211700488872031,0.8199414121140107,6.25,3.8178374696563813,0.8447668384294805,0.16
321.0,86.25741222001389,1.0,,1.0,,1.0543959972426608e-12,0.0,1.725148244400278,1.725148244400278,0.02
322.0,116.96160137190029,0.6242252543049533,-0.09029730589631377,0.8540897846174622,0.30286476121261324,8.849115868885738,5.681818181818182,102.92620920727225,64.24913911705436,0.88
323.0,21.811839575005447,0.10068678344559087,-0.10460053267761207,0.5804144990181184,9.569383650709083,1.2508540119901996,5.681818181818182,19.194418826004792,1.932624291697917,0.88
324.0,9.337488032186872,0.28675568935449763,0.03833625327037774,0.0006132755146186497,20.56034302085055,0.4590673612756976,7.692307692307692,2.4277468883685867,0.6961702325523706,0.26
325.0,109.52747478132777,0.6710346530281035,0.5423617144472459,0.00270380101940082,0.5852029471379404,7.027523296438588,8.333333333333334,26.286593947518664,17.639215448863833,0.24
327.0,26.286593947518664,0.0,,,,198.11341444851504,0.0,0,0.0,0.0
329.0,96.28185564143122,0.8279254621725097,0.028821210860569674,0.9460897404855652,0.6245274693180941,6.224523709469051,5.9523809523809526,80.87675873880222,66.9599278578374,0.84
330.0,164.17738736462624,0.7114206348297444,0.2740757598629543,0.07246936804632187,0.16550706917353925,7.409450085806344,0.0,29.551929725632725,21.023852605853627,0.18
332.0,20.466764413199243,0.7835381595031549,-1.3415315726021968,0.427703440195793,3.1883130519783234,0.25417632845888605,0.0,0.8186705765279697,0.641459636772112,0.04
333.0,109.1735313288093,0.612733117833008,-0.06226500555547731,0.7113159888592891,0.7018365831782631,10.808547741101416,2.564102564102564,85.15535443647126,52.1775058240339,0.78
335.0,85.15535443647126,0.0,,,,29.612573824957416,0.0,0,0.0,0.0
336.0,30.86113648067787,0.06488592392903261,0.003282855652211869,0.7012491245184854,4.00182500827574,2.191871126765427,1.5151515151515151,20.368350077247396,1.32161921367218,0.66
338.0,86.8337977577139,0.3840872366370698,0.13287202139937512,0.5167953047281302,2.156518496192644,1.2432043667025643,0.0,12.156731686079947,4.669245479844753,0.14
340.0,9.01218816825903,0.22529967119207503,-0.25225732731968764,0.698497760293948,17.057077961058976,0.401445539335794,17.5,3.604875267303612,0.8121772124119474,0.4
343.0,14.986259240867867,0.3240254963498594,-0.3764769791306807,0.4387312154282814,10.405914291098522,0.3518606858543215,10.0,4.49587777226036,1.4567790266849632,0.3
347.0,14.033225511781636,0.13142927173364244,0.026229718907028455,0.7321565708823816,7.6962763534467475,1.7524079643717503,6.451612903225807,8.700599817304614,1.1435134976342078,0.62
348.0,17.28685121932938,0.4873245082388906,-0.117546531380394,0.6385783288310736,10.123295567604872,0.49320886178238743,2.5,6.914740487731754,3.3697225077834236,0.4
350.0,131.7167464924962,0.5417233568602279,0.013984864041389829,0.43304532059668466,0.18188632075636807,11.91445734311953,5.357142857142857,73.76137803579789,39.95826131618872,0.56
354.0,33.43279630415219,0.14642082084786318,-0.0027931478329411086,0.2936082150705369,4.485310755950935,3.189903952097477,13.636363636363637,14.710430373826965,2.153913290361083,0.44
355.0,14.710430373826965,0.0,,,,463.3348434267474,0.0,0,0.0,0.0
356.0,36.88770691775988,0.04852462303249254,0.12230293538138065,0.29123864392509624,3.426976699762891,4.051326351426493,2.1739130434782608,16.968345182169546,0.8233825534499882,0.46
358.0,93.97465853095075,0.7977137993679881,-0.2742319703869622,0.7745220307678735,2.693673398141857,4.923593346401783,4.761904761904762,39.46935658299931,31.485250398434296,0.42
360.0,111.76780987507432,0.24830119053414332,0.2696254168488087,0.015736986465361036,0.30629994481333844,16.272130836775183,2.5,44.70712395002973,11.100832102149894,0.4
361.0,15.102981777110067,0.3995700998874918,1.752828386271482,0.6513469135341567,9.152508915184232,0.09651258475380056,0.0,0.9061789066266039,0.36208199623673026,0.06
362.0,87.20326219852836,0.8166579197172568,0.16123103209616568,0.860931055768247,0.4540441955836433,5.557311857259509,0.0,34.881304879411346,28.486093879843466,0.4
364.0,48.42700204826459,0.5552117539670101,-0.419016934490708,0.796752216867204,7.772823602106028,1.8792057220440097,6.666666666666667,14.528100614479376,8.066172223974291,0.3
367.0,22.601919148169266,0.9528375675933228,0.14164579048416043,0.9068573177702579,5.77537628505684,0.1484944455631748,16.666666666666668,1.356115148890156,1.292157459844953,0.06
368.0,13.005596767725022,0.21105424784567997,0.4631071750204068,0.012845790286342362,15.49608700087948,0.4900991837063685,4.166666666666667,3.121343224254005,0.6587727464631387,0.24
369.0,77.86694102066728,0.5015878404183511,-0.04345996298035504,0.00018901875541321722,1.7954091345558225,7.004905271837267,7.692307692307692,20.245404665373496,10.154848804500302,0.26
370.0,14.104664010339313,0.22126044829004066,-0.3218734697799293,0.42876289338599993,20.314060570936203,0.4876487932992838,12.5,2.25674624165429,0.49932868510529266,0.16
372.0,19.763438206892147,0.22713835556899697,-0.994823819100887,0.8554097441531705,3.8963569002986334,0.16981855577926208,0.0,1.5810750565513718,0.3591227883762375,0.08
373.0,51.54350093043993,0.8971234050805427,-0.15798039670590738,0.7636497132502384,0.5281977166487198,0.8207694512664179,0.0,4.123480074435195,3.6992704851590714,0.08
374.0,156.53250061813796,0.8324975530262894,-3.8673810288688033,0.5861038965933725,0.684210932574096,0.4382974515880032,50.0,6.261300024725518,5.212516949347439,0.04
