sperm_id,total_distance,displacement,time_elapsed,vcl,vsl,vap,alh,mad,linearity,wob,straightness,bcf,angular_displacement,curvature
1.0,93.69078699650439,4.095492614813664,5.0,18.738157399300878,0.8190985229627328,18.56930932089339,4.1284716595903665,2.047050017557439,0.0437128638375774,0.9909890778047479,0.04371286383757741,1.4,0.0029576139097868058,9.69226062375686
2.0,115.17019122607509,4.36746808968564,3.88,29.68303897579255,1.1256361055890824,29.384324570679386,4.96073997742273,2.1258372278182893,0.037921861926168476,0.989936528892585,0.037921861926168476,6.701030927835052,-0.021798527681276863,8.38117106687769
3.0,115.11123095911945,14.108872594695095,0.72,159.87670966544368,19.595656381520964,159.1486968218255,13.74129029237871,2.6691237998025015,0.12256729840466837,0.9954464108928585,0.12256729840466837,2.7777777777777777,0.019660619978049,0.8635459466790237
4.0,217.22911044240655,74.27291186674596,4.72,46.02311661915393,15.735786412446178,45.725334281745134,23.950925177636915,1.2038643093874801,0.3419104912572837,0.9935297224681028,0.3419104912572837,3.6016949152542375,0.003128783164116493,4.283279782055533
5.0,109.7159368514718,6.664436734748253,5.0,21.94318737029436,1.3328873469496505,21.832160581370168,6.121059529438478,1.432724805397013,0.060742649846487196,0.9949402615467571,0.0607426498464872,2.0,-0.0036331129522794085,5.142290126454089
6.0,203.26387091701955,6.3447696469224,4.88,41.65243256496302,1.3001577145332788,41.16561773704656,11.986495430542886,2.0846544354520793,0.031214448580055773,0.9883124514478907,0.031214448580055773,3.4836065573770494,0.018718584507336485,3.7400267338531172
7.0,24.456102873233945,0.550444809632085,5.0,4.891220574646789,0.110088961926417,4.828794033310712,1.4246628534860393,1.9207844084782195,0.022507462144940555,0.9872370218469271,0.022507462144940555,1.2,0.01230145925421204,37.43882400533291
8.0,0.0,0.0,0.0,1.2,0.0,0.0,0.0,,0.0,0.0,0.0,0.0,,
9.0,113.47679718850189,0.8181325410484035,5.0,22.69535943770038,0.1636265082096807,22.435052410548927,5.153061198138213,2.6532447732999627,0.007209690098050293,0.9885303853474537,0.007209690098050294,4.8,0.012634731684563399,6.956868664376638
10.0,44.3248350089509,1.7779965462813137,2.24,19.787872771853078,0.7937484581613007,19.5264357452619,1.6383916371792457,1.6956326639439159,0.040112874552658065,0.9867880176103085,0.04011287455265806,3.571428571428571,-0.03143469205309624,8.733402113164793
11.0,40.695820135651715,3.1712190543571865,2.32,17.5413017826085,1.3669047648091321,17.286552585897955,1.630164442505176,2.087063265942837,0.07792493292398422,0.9854771783834699,0.07792493292398422,4.310344827586207,0.03373785184759139,10.60665768803815
12.0,0.0,0.0,0.0,4.310344827586207,0.0,0.0,0.0,,0.0,0.0,0.0,0.0,,
13.0,75.54811121100633,1.9219780686604573,5.0,15.109622242201265,0.38439561373209147,14.962494858525664,5.323007604453899,1.592209984801387,0.02544045162548619,0.9902626696209074,0.025440451625486186,3.6,-0.015889011032525942,16.507875495506305
14.0,0.0,0.0,0.0,3.6,0.0,0.0,0.0,,0.0,0.0,0.0,0.0,,
15.0,77.94158721810103,4.435085231846691,2.46,31.68357203987847,1.8028801755474355,31.26760474404592,3.65034369696714,1.6054992589726524,0.056902680457817184,0.9868711995191389,0.056902680457817184,2.845528455284553,0.009796915288114109,5.908581457758538
16.0,0.0,0.0,0.0,2.845528455284553,0.0,0.0,0.0,,0.0,0.0,0.0,0.0,,
17.0,110.94517162237152,7.818829628831624,5.0,22.189034324474303,1.5637659257663248,22.019829171294823,4.731173943318714,2.1024749139769083,0.07047471750681394,0.9923743795829435,0.07047471750681394,4.4,-0.013597485702569603,6.761389846392224
18.0,52.0463023477845,7.868568991985868,5.0,10.4092604695569,1.5737137983971736,10.271206369017,1.8153013675435954,1.5367646498881824,0.15118401571366993,0.9867373766903369,0.15118401571366993,1.2,0.0007798393784495465,15.418586461045585
19.0,119.5230477207614,10.471625366465673,5.0,23.90460954415228,2.0943250732931347,23.65156213592074,6.093644503143239,2.01855833873506,0.08761176665215449,0.989414283978822,0.08761176665215449,1.6,-0.00258678733069505,7.095722552270579
20.0,92.67278584872864,0.4124240862930066,5.0,18.534557169745728,0.08248481725860132,18.254194178082127,5.008553239545936,1.9735755597091393,0.004450325761936341,0.9848734993182765,0.00445032576193634,3.4,0.020007273681873015,13.287518604790861
21.0,111.75695867697902,39.00779406781696,5.0,22.351391735395804,7.801558813563392,22.083151732515674,4.21331542974004,1.3732128466053086,0.3490412993482099,0.9879989574673623,0.3490412993482099,2.8,0.006621557406997029,6.732037240656936
22.0,50.768447611866826,0.3466988405742755,2.68,18.943450601442844,0.12936523902025204,18.76370177793497,4.848317942404492,1.6772047780120707,0.006829021900075524,0.9905112945212746,0.006829021900075525,1.4925373134328357,0.03056608208906051,7.13462979825787
23.0,154.84076304861097,5.968619402079538,5.0,30.968152609722193,1.1937238804159076,30.489134426133443,5.661564464349179,2.466028936079416,0.03854682245531004,0.9845319096161272,0.03854682245531004,4.4,0.011152765504727997,6.901634226829139
24.0,65.08192934622804,14.726435896005478,4.34,14.995836254891254,3.3931879944713086,14.845574049352425,7.604991635545634,2.4102843882585416,0.22627534315497333,0.9899797381763343,0.22627534315497333,1.1520737327188941,0.003228924140095809,30.86353475696764
25.0,0.0,0.0,0.0,1.1520737327188941,0.0,0.0,0.0,,0.0,0.0,0.0,0.0,,
26.0,25.973117594828757,3.0852222364398703,1.28,20.291498120959965,2.410329872218649,20.013179618853687,2.6818758453243583,1.676631325516794,0.11878521033047407,0.9862839845314926,0.11878521033047405,1.5625,-0.036025567961454875,8.09309231293676
27.0,104.3531258283913,25.381265217227234,3.92,26.620695364385536,6.474812555415111,26.34940561714664,4.169458934302844,2.227480022424985,0.24322477180958357,0.9898090660846584,0.24322477180958357,5.1020408163265305,0.010064775670830447,11.724075292167191
28.0,156.71526689651037,3.03093025105492,4.88,32.11378420010458,0.6210922645604344,31.63443634745342,10.014285519381218,2.919171971757972,0.019340363648529833,0.9850734547612237,0.019340363648529833,5.532786885245902,0.003242312626994837,5.700146808189261
29.0,14.328830631457702,2.8334342287163605,0.24,59.70346096440709,11.805975952984836,58.86900089045281,1.919731949654123,2.0817937243428504,0.19774357737858958,0.9860232545906885,0.19774357737858958,4.166666666666667,-0.16617271387494206,3.4441740136357257
30.0,0.0,0.0,0.0,4.166666666666667,0.0,0.0,0.0,,0.0,0.0,0.0,0.0,,
31.0,26.31652198675196,2.4378356289196472,1.36,19.350383813788206,1.7925261977350346,19.076922446813604,1.2429236058513506,2.0699603536909303,0.09263517535284038,0.9858679099284974,0.09263517535284038,4.411764705882352,0.011875678681124073,8.485719661670332
32.0,0.0,0.0,0.0,4.411764705882352,0.0,0.0,0.0,,0.0,0.0,0.0,0.0,,
33.0,0.0,0.0,0.0,0.0,0.0,0.0,0.0,,0.0,0.0,0.0,0.0,,
34.0,0.0,0.0,0.0,0.0,0.0,0.0,0.0,,0.0,0.0,0.0,0.0,,
35.0,86.47123313819581,45.834579468961216,1.54,56.150151388438836,29.762713940883906,55.96720224796683,8.04931366165574,1.8821260463561995,0.5300558093777814,0.9967417872267808,0.5300558093777814,1.948051948051948,0.02303994603518154,2.0361821180333037
36.0,0.0,0.0,0.0,1.948051948051948,0.0,0.0,0.0,,0.0,0.0,0.0,0.0,,
37.0,0.0,0.0,0.0,0.0,0.0,0.0,0.0,,0.0,0.0,0.0,0.0,,
38.0,119.40923398784881,9.584465532937564,5.0,23.88184679756976,1.9168931065875128,23.66503160659069,9.61444769178612,1.9587926926800674,0.08026569816127359,0.990921339006281,0.08026569816127359,1.6,-0.003794460961129023,5.793728236771622
39.0,148.20815996801838,6.018492507370753,5.0,29.641631993603674,1.2036985014741506,29.262404941468937,4.8209676207143985,2.4574885808554727,0.04060837479305778,0.987206269472053,0.04060837479305778,4.4,0.0017562118955081643,6.378123899480401
40.0,85.16906566142373,5.084843661724157,5.0,17.033813132284745,1.0169687323448313,16.848257689178286,4.516594211135547,2.7611278767591316,0.05970294052465194,0.9891066409109086,0.059702940524651936,0.2,-0.004714641033928717,8.280995253445086
41.0,1.801792608272538,1.3954065958514514,0.04,45.044815206813446,34.885164896286284,44.69448243748508,0.28647779476352336,2.3140584340116037,0.7744546122815391,0.9922225728372979,0.7744546122815391,0.0,4.2448340676862015,14.256883628144134
42.0,55.11139501583524,30.04924906578764,0.3,183.70465005278416,100.16416355262548,182.76569748702656,8.05664676658563,2.1455887958959683,0.5452456621203935,0.9948887926054795,0.5452456621203935,3.3333333333333335,0.29551632247109716,1.0016842378743775
43.0,139.63715636545444,1.543312292874946,5.0,27.92743127309089,0.3086624585749892,27.45209856653551,4.114007702370536,1.8311666002164293,0.011052303935750685,0.9829797197634363,0.011052303935750686,3.2,-0.00034384489478158606,7.280126541432903
44.0,0.0,0.0,0.0,3.2,0.0,0.0,0.0,,0.0,0.0,0.0,0.0,,
45.0,0.0,0.0,0.0,0.0,0.0,0.0,0.0,,0.0,0.0,0.0,0.0,,
46.0,27.8772216571492,7.449991566447418,1.82,15.317154756675384,4.093401959586493,15.125333843390642,0.8420288977714718,1.4789317306012075,0.26724297198881164,0.9874767268247946,0.2672429719888117,7.692307692307692,0.012831735285264302,11.735093358840365
47.0,0.0,0.0,0.0,7.692307692307692,0.0,0.0,0.0,,0.0,0.0,0.0,0.0,,
48.0,68.44537587209592,1.4058845224082697,5.0,13.689075174419184,0.28117690448165394,13.56611651064066,6.975567195364484,2.5626122054103906,0.020540241097301452,0.9910177523162195,0.02054024109730145,0.8,0.001416525562195553,10.57463900937583
49.0,0.5858545648165364,0.5847338421467982,0.04,14.646364120413411,14.618346053669956,14.645397980180846,0.0177162437254011,0.06323580944450313,0.9980870292099044,0.9999340354899945,0.9980870292099044,0.0,-0.12647161888900627,0.5444705871479084
50.0,138.73749336002288,12.59987599069799,4.94,28.08451282591556,2.5505821843518195,27.73848915553461,2.3021300210642446,1.783217393519025,0.09081810320733844,0.987679199830675,0.09081810320733845,4.048582995951417,-0.01304903165012618,7.811570177973658
51.0,0.0,0.0,0.0,4.048582995951417,0.0,0.0,0.0,,0.0,0.0,0.0,0.0,,
52.0,38.474618661556704,12.767613587237143,3.26,11.802030264281198,3.9164458856555657,11.652601191550273,1.6203233705060576,1.7472331540761603,0.3318450976616011,0.987338697716852,0.3318450976616011,1.8404907975460123,0.003649559018627532,15.76805088789961
53.0,0.0,0.0,0.0,1.8404907975460123,0.0,0.0,0.0,,0.0,0.0,0.0,0.0,,
54.0,225.52247905020187,26.11943750086938,4.94,45.652323694372846,5.287335526491777,45.07849949732705,8.304693351072318,2.094568309320591,0.11581744583011225,0.9874305588279064,0.11581744583011226,3.4412955465587043,0.009918893833979805,5.568857030739028
55.0,0.0,0.0,0.0,3.4412955465587043,0.0,0.0,0.0,,0.0,0.0,0.0,0.0,,
56.0,46.290889902128384,1.868737039117586,2.22,20.851752208165937,0.8417734410439576,20.569529291828157,2.327515026837174,1.9926887408305267,0.040369434311343065,0.9864652661550786,0.040369434311343065,2.7027027027027026,0.02211789469769447,9.580225555446049
57.0,0.0,0.0,0.0,2.7027027027027026,0.0,0.0,0.0,,0.0,0.0,0.0,0.0,,
58.0,0.0,0.0,0.0,0.0,0.0,0.0,0.0,,0.0,0.0,0.0,0.0,,
59.0,0.0,0.0,0.0,0.0,0.0,0.0,0.0,,0.0,0.0,0.0,0.0,,
60.0,0.0,0.0,0.0,0.0,0.0,0.0,0.0,,0.0,0.0,0.0,0.0,,
61.0,54.17006913564685,7.782536978924758,1.34,40.42542472809466,5.8078634171080274,40.074070301690035,5.95842837959324,2.9469326235100297,0.1436685812498516,0.9913085779860602,0.1436685812498516,2.2388059701492535,-0.03840479948545536,5.721387036942191
62.0,0.0,0.0,0.0,2.2388059701492535,0.0,0.0,0.0,,0.0,0.0,0.0,0.0,,
63.0,310.6036217915767,121.03514051033395,2.26,137.43523088122865,53.55537190722742,136.64602472772327,20.25163055370691,1.2384377268636937,0.38967717057578855,0.9942576139433461,0.38967717057578855,5.7522123893805315,-0.012239124340346649,2.5776066534212094
64.0,180.56243241086483,80.47515206594102,1.3,138.89417877758834,61.90396312764693,137.99852632446127,15.223795891838083,0.9504388742956776,0.44569155937610555,0.9935515479409596,0.4456915593761056,4.615384615384615,0.020074935575693773,0.7507547953163509
65.0,44.80969258387073,9.219694076178753,0.28,160.03461637096686,32.92747884349554,159.19866471822624,9.984134610754397,3.3295330891295265,0.20575222780031718,0.9947764323013538,0.20575222780031716,3.571428571428571,-0.11340245428408947,0.5984181289783266
66.0,20.24776539125414,17.058191603701367,0.06,337.46275652090236,284.3031933950228,337.4627565209023,3.8485078868701246,0.5822619963839202,0.8424728000389374,0.9999999999999998,0.8424728000389374,0.0,-0.8456171944516041,0.1530925258439503
67.0,34.56677288588933,10.081065086400134,0.14,246.90552061349518,72.00760776000095,245.69119514968133,13.541510119306562,1.0805227405383089,0.2916403310103436,0.9950818213347495,0.2916403310103436,0.0,-0.378439581159902,0.14830437524322587
68.0,84.26085175523941,27.162803183540444,0.54,156.03861436155447,50.301487376926744,155.15118725043106,15.977868006700044,1.1933999822481687,0.32236563739520274,0.9943127724201193,0.32236563739520274,3.7037037037037033,-0.04216330690560355,0.6352920364405907
69.0,17.61675254387169,12.81499815922939,0.1,176.1675254387169,128.1499815922939,174.23205429378288,2.9245336388268828,2.0348748778879164,0.7274324894622717,0.9890134623840913,0.7274324894622716,10.0,-0.09640702951971347,7.8506302173665
70.0,5.23846692529188,5.23846692529188,0.02,261.923346264594,261.923346264594,261.92334626459404,0.0,0.0,1.0,1.0000000000000002,1.0,0.0,,
71.0,8.663118375409825,8.532415979479111,0.06,144.38530625683043,142.20693299131852,144.38530625683035,0.5786750043781443,0.22080873807301005,0.9849127773318079,0.9999999999999994,0.984912777331808,16.666666666666668,0.019129538725073947,0.552378157591691
72.0,48.05932973685614,41.88069504580886,0.22,218.45149880389155,190.36679566276752,218.00256947179366,4.6149161675627015,0.5104668909093264,0.8714373520213919,0.9979449473473244,0.8714373520213919,9.090909090909092,0.14951670232462994,0.10651167223984696
73.0,1.2459009201407303,1.2459009201407303,0.02,62.29504600703651,62.29504600703651,62.295046007036525,2.9199583596750105e-12,0.0,1.0,1.0000000000000002,1.0,0.0,,
74.0,193.62115159790076,58.245704783873634,1.08,179.2788440721303,53.93120813321632,178.4840299359801,12.176775156104444,2.423613181928614,0.3008230469821518,0.9955666038552188,0.3008230469821518,7.4074074074074066,0.07000088638528663,0.4739328242634977
75.0,46.94206722319817,27.728414339779853,0.32,146.6939600724943,86.65129481181204,145.89866979948508,5.291699883152134,0.7660404082558698,0.5906943596654564,0.9945785752009408,0.5906943596654564,9.375,0.037568593810107145,0.408270327368593
76.0,179.83806748323366,74.00429323745806,1.1,163.48915225748513,67.27663021587095,162.48387904786426,20.497808820814864,2.258190998058813,0.41150516280073735,0.9938511320430751,0.41150516280073735,2.727272727272727,0.002364810670778703,1.1731914178240475
77.0,7.591494419761573,7.591494419761573,0.02,379.57472098807864,379.57472098807864,379.5747209880787,3.833741928463114e-12,0.0,1.0,1.0000000000000002,1.0,0.0,,
78.0,30.17683905300954,18.943658375717156,0.1,301.7683905300954,189.43658375717155,298.778010871889,6.013150160839088,0.9547178424233886,0.6277548931629372,0.990090480805649,0.6277548931629372,0.0,0.925681413368932,0.14922146096666924
79.0,151.1984912273217,54.01241275963451,2.32,65.17176346005246,23.281212396394185,64.7560830038156,20.98236516143483,1.156250695092607,0.3572285167742098,0.9936217706232293,0.3572285167742098,1.293103448275862,0.0029155359645863035,1.2446403345127042
80.0,5.725216944815361,5.725216944815361,0.02,286.26084724076804,286.26084724076804,286.260847240768,0.0,0.0,1.0,0.9999999999999998,1.0,0.0,,
81.0,1.8841574629530216,1.8841574629530216,0.02,94.20787314765107,94.20787314765107,94.20787314765109,2.413531564255479e-13,0.0,1.0,1.0000000000000002,1.0,0.0,,
82.0,2.642447857892413,2.642447857892413,0.02,132.12239289462065,132.12239289462065,132.12239289462067,1.0755826021510543e-14,0.0,1.0,1.0000000000000002,1.0,0.0,,
83.0,13.911157143094169,9.87653350564156,0.08,173.88946428867712,123.45666882051951,172.81102732907044,4.113366851625588,0.6304845888077348,0.7099721039773106,0.9937981466328728,0.7099721039773107,0.0,-0.3233056282773413,0.4010324930144267
84.0,5.431277712602723,0.516916097015921,0.5,10.862555425205446,1.033832194031842,10.6473114594538,0.6578835352716705,1.5096596376152052,0.0951739396084406,0.9801847762956224,0.0951739396084406,0.0,-0.05398067310869694,20.355066096601508
85.0,3.5133323479863403,3.5133323479863403,0.02,175.666617399317,175.666617399317,175.666617399317,0.0,0.0,1.0,1.0,1.0,0.0,,
86.0,0.0,0.0,0.0,0.0,0.0,0.0,0.0,,0.0,0.0,0.0,0.0,,
87.0,24.988316304709397,18.580089423524708,0.06,416.4719384118233,309.6681570587451,416.4719384118234,4.801242698422451,0.7898301401893811,0.74355107390821,1.0000000000000002,0.7435510739082101,0.0,1.0763637840220848,0.27251458830900654
88.0,0.0,0.0,0.0,0.0,0.0,0.0,0.0,,0.0,0.0,0.0,0.0,,
89.0,1.2876604471721491,1.2876604471721491,0.02,64.38302235860745,64.38302235860745,64.38302235860743,0.0,0.0,1.0,0.9999999999999998,1.0,0.0,,
92.0,13.604599722082945,8.787707903187835,0.06,226.7433287013824,146.46179838646393,226.74332870138247,3.041708018777079,1.5671249679678354,0.6459365275498444,1.0000000000000002,0.6459365275498443,0.0,-1.723020856211055,1.04011503319251
93.0,24.903999522858605,20.867719405011833,0.12,207.53332935715505,173.89766170843194,207.2859606204695,4.9314790151080565,2.1173214478247178,0.8379264296828307,0.9988080529645441,0.8379264296828308,0.0,0.24023862679618463,0.5400166122040402
94.0,111.05045615558274,28.06038902663776,0.66,168.25826690239808,42.51574094945115,167.14665906365332,11.452202141373208,1.2386092811165694,0.2526814386725696,0.9933934429540417,0.25268143867256965,3.0303030303030303,0.11245456436715243,0.7473377912384045
96.0,0.0,0.0,0.0,3.0303030303030303,0.0,0.0,0.0,,0.0,0.0,0.0,0.0,,
98.0,6.147620366665121,5.9343619201984446,0.04,153.69050916662803,148.35904800496112,153.50666567829444,0.8025763303334643,0.2641701381454604,0.9653104073206846,0.9988038071489875,0.9653104073206846,0.0,0.5283402762909208,0.17275186697952213
99.0,32.591248668130355,15.687341329612154,0.34,95.85661372979516,46.13923920474163,95.60907639919105,8.102631438447442,3.389711846576557,0.4813360018621245,0.9974176290923246,0.4813360018621245,5.88235294117647,-0.24406735249765693,1.2204308457892141
100.0,0.6743488176917539,0.6743488176917539,0.02,33.717440884587695,33.717440884587695,33.717440884587695,0.0,0.0,1.0,1.0,1.0,0.0,,
101.0,1.0963768181461537,0.3160892711033608,0.06,18.272946969102563,5.2681545183893475,18.27294696910256,0.3675913329464739,1.3249455621026023,0.2883034973667459,0.9999999999999998,0.2883034973667459,16.666666666666668,0.386881299579942,4.946645860679455
103.0,4.86588606684996,3.173606020871439,0.2,24.3294303342498,15.868030104357196,24.02376137050139,0.4872581519505449,1.3281558730046608,0.6522154397515403,0.9874362465726086,0.6522154397515403,10.0,0.04219923228664394,6.751023978864325
105.0,1.4010949170606852,0.20490379837208075,0.06,23.351581951011422,3.415063306201346,23.351581951011415,0.5085941916670245,3.563921947625637,0.14624547978658167,0.9999999999999997,0.14624547978658167,16.666666666666668,0.9590016820859181,4.269915277451519
107.0,4.408265561775562,0.6002406525670416,0.2,22.04132780887781,3.001203262835208,21.799430189216668,1.4845705623076075,1.7680314871424927,0.1361625437840629,0.9890252700854206,0.1361625437840629,0.0,-0.31571765159530113,5.849446320751825
108.0,9.323209785746347,7.880273819459405,0.04,233.08024464365866,197.00684548648513,231.83633432789347,2.170344826651638,3.434069602966824,0.8452318461724466,0.9946631671093922,0.8452318461724466,0.0,5.027637803923227,1.8433753950762866
110.0,18.86925370147976,15.060936339426243,0.08,235.865671268497,188.26170424282805,235.24987029425563,4.38154742343829,0.5199618764408188,0.7981733977239989,0.9973891877909593,0.798173397723999,0.0,-0.6181237963085996,0.1700864691638995
114.0,127.70735545573714,5.062847913067558,3.68,34.7030857216677,1.375773889420532,34.260668471911075,6.508788048836118,2.42226994588486,0.03964413713681763,0.9872513570319082,0.03964413713681763,1.0869565217391304,-0.008059016498297418,4.279989411642547
115.0,0.0,0.0,0.0,1.0869565217391304,0.0,0.0,0.0,,0.0,0.0,0.0,0.0,,
117.0,0.0,0.0,0.0,0.0,0.0,0.0,0.0,,0.0,0.0,0.0,0.0,,
118.0,0.0,0.0,0.0,0.0,0.0,0.0,0.0,,0.0,0.0,0.0,0.0,,
119.0,0.0,0.0,0.0,0.0,0.0,0.0,0.0,,0.0,0.0,0.0,0.0,,
121.0,0.0,0.0,0.0,0.0,0.0,0.0,0.0,,0.0,0.0,0.0,0.0,,
122.0,36.953182627965305,25.00396084570384,0.16,230.95739142478314,156.274755285649,229.299491617219,8.884658516727315,0.8183870206304673,0.676638900022144,0.992821620484469,0.6766389000221439,0.0,0.3675275975625502,0.18119351393309596
123.0,62.50272152150561,5.256081126031667,4.62,13.528727602057492,1.1376798974094517,13.365964932752094,2.6555508551957074,1.762287154513104,0.0840936362142756,0.9879691073622737,0.0840936362142756,5.627705627705628,0.009023974375458352,16.05915523953932
127.0,51.907833179239105,21.559519367769276,0.26,199.64551222784272,82.92122833757414,198.6760784099644,11.953402864535217,1.0534569370383982,0.41534231053959986,0.9951442243451384,0.4153423105395999,0.0,0.3363113414715979,0.1914482503824245
131.0,81.39568647134278,20.38085912315641,0.34,239.39907785689053,59.9437033034012,238.1461188886862,16.466934839668212,2.0269821717175436,0.2503923734377737,0.9947662331057376,0.2503923734377737,5.88235294117647,0.24880707201067803,0.4555424195646661
132.0,0.0,0.0,0.0,5.88235294117647,0.0,0.0,0.0,,0.0,0.0,0.0,0.0,,
133.0,0.0,0.0,0.0,0.0,0.0,0.0,0.0,,0.0,0.0,0.0,0.0,,
134.0,41.30724767216869,14.57271534609628,0.34,121.4919049181432,42.86092748851846,120.98679891621231,11.305204388244416,1.507512006217269,0.35278834023877215,0.9958424719550556,0.3527883402387722,5.88235294117647,-0.05784802569884048,1.3227730078319975
141.0,0.0,0.0,0.0,5.88235294117647,0.0,0.0,0.0,,0.0,0.0,0.0,0.0,,
143.0,8.275230396691683,6.018292533400337,0.04,206.88075991729207,150.45731333500842,204.93512382824787,0.39826834262755273,1.4232753902097564,0.7272658578553127,0.9905953744088042,0.7272658578553128,0.0,2.8465507804195127,2.4577213023834465
144.0,0.0,0.0,0.0,0.0,0.0,0.0,0.0,,0.0,0.0,0.0,0.0,,
146.0,36.71197698562564,16.754899702726927,0.26,141.19991148317553,64.4419219335651,140.02736247854259,5.928764080881866,2.0609523631353257,0.456387835209398,0.9916958233732841,0.456387835209398,0.0,-0.20423943982099702,0.644730002438385
147.0,0.5229407348187618,0.5229407348187618,0.02,26.147036740938088,26.147036740938088,26.147036740938088,0.0,0.0,1.0,1.0,1.0,0.0,,
148.0,2.1665682119811156,2.1665682119811156,0.02,108.32841059905577,108.32841059905577,108.32841059905577,0.0,0.0,1.0,1.0,1.0,0.0,,
149.0,13.743226243724724,10.680608554005325,0.06,229.0537707287454,178.0101425667554,229.0537707287454,2.999006258017723,3.130168529179656,0.7771543860658033,1.0,0.7771543860658033,0.0,1.4020618683273915,2.0373219151714004
150.0,0.0,0.0,0.0,0.0,0.0,0.0,0.0,,0.0,0.0,0.0,0.0,,
152.0,196.55849921491344,60.59564578148631,2.16,90.99930519208955,28.05353971365107,90.79137742213962,19.085910900660863,2.775445705078141,0.3082830100123636,0.9977150620050228,0.3082830100123635,1.8518518518518516,-0.030821673625723543,1.0361231413497298
153.0,18.34892939033194,18.08229110639865,0.08,229.36161737914924,226.02863882998312,229.30602498239793,1.3917483770065473,0.15440635761579244,0.9854684555016174,0.9997576211862013,0.9854684555016173,0.0,-0.1256198449112014,0.034934122443859544
155.0,0.0,0.0,0.0,0.0,0.0,0.0,0.0,,0.0,0.0,0.0,0.0,,
156.0,14.501229016140794,13.167583995777733,0.06,241.68715026901324,219.45973326296223,241.68715026901322,2.342371408145417,2.0466527821153613,0.908032276514037,0.9999999999999999,0.908032276514037,0.0,-2.550904950146294,0.7860119575867546
158.0,2.169120692822622,2.169120692822622,0.02,108.4560346411311,108.4560346411311,108.45603464113111,0.0,0.0,1.0,1.0000000000000002,1.0,0.0,,
159.0,0.0,0.0,0.0,0.0,0.0,0.0,0.0,,0.0,0.0,0.0,0.0,,
164.0,4.045964849812206,2.4614491496724766,0.04,101.14912124530515,61.53622874181192,99.78315943483965,1.5927924730378635,0.9206358028026982,0.6083713628374021,0.9864955642357703,0.6083713628374021,0.0,1.8412716056053964,0.8454761021038196
165.0,17.08142862603238,16.57544363673841,0.08,213.51785782540475,207.19304545923012,213.37385501319187,1.558218810076933,0.30528834354917445,0.9703780637807519,0.9993255701716031,0.9703780637807519,12.5,0.07470010308478851,0.6248061599774951
166.0,18.977476656931543,12.81964784552273,0.14,135.55340469236816,91.56891318230521,135.14579741932513,4.738990114714256,1.5657206286341803,0.6755190944123933,0.996993013388575,0.6755190944123934,0.0,0.6616722965922964,0.9687868991353499
168.0,1.8697924410384392,1.8697924410384392,0.02,93.48962205192196,93.48962205192196,93.48962205192196,0.0,0.0,1.0,1.0,1.0,0.0,,
172.0,4.364560902754865,4.364560902754865,0.02,218.22804513774324,218.22804513774324,218.22804513774324,1.3336429989263604e-11,0.0,1.0,1.0,1.0,0.0,,
173.0,2.522536077048168,2.16746012477256,0.04,63.0634019262042,54.186503119314,62.75730196734648,0.602264796896577,2.9474098716567596,0.8592385038587387,0.9951461553054827,0.8592385038587388,0.0,-5.147598632390965,5.900489958826089
174.0,58.74174544187008,31.816224997441925,0.32,183.567954505844,99.42570311700601,181.59088926642116,11.720636511643148,0.8775962925333934,0.5416288664579565,0.9892297909798853,0.5416288664579565,3.125,-0.02731170558966707,0.27774397663187533
176.0,39.85201593474572,18.53337382895049,0.24,166.05006639477384,77.22239095396039,165.1993009615726,9.738586964844558,1.2089872218056634,0.4650548634552719,0.9948764523154203,0.4650548634552719,8.333333333333334,-0.22631486293352276,0.6144553170832094
179.0,38.591144010971846,21.51493337746214,0.3,128.6371467032395,71.71644459154047,128.1285992524157,9.362149759404561,1.4921154397965546,0.5575096030152729,0.9960466516565625,0.5575096030152729,0.0,0.1622998742628679,0.5014844107828595
181.0,17.358653079770185,16.86004030599661,0.08,216.98316349712732,210.7505038249576,216.88936065102155,1.387728016281287,1.4896339189647525,0.9712758373888662,0.9995676952783158,0.9712758373888662,0.0,1.756589747752295,1.7033908105229727
182.0,62.550725435302425,37.53183548884978,0.36,173.7520150980623,104.25509858013828,173.3728867605856,8.050335030305519,2.470713105663653,0.6000223854744863,0.9978179917092603,0.6000223854744862,8.333333333333334,-0.0023168864152232726,1.0243377042531134
186.0,0.8498173684926766,0.059721146765097,0.1,8.498173684926766,0.59721146765097,8.268467854402912,0.15038264141212876,3.635799717294103,0.07027527205171691,0.9729699769573688,0.07027527205171691,30.0,0.3580902880734984,23.476288625164806
189.0,0.0,0.0,0.0,30.0,0.0,0.0,0.0,,0.0,0.0,0.0,0.0,,
190.0,95.10323429794296,33.81442208940972,0.54,176.1171005517462,62.61930016557355,175.1102640323334,17.53892319483521,1.147828504474362,0.3555549118705536,0.994283141635545,0.35555491187055355,5.555555555555555,0.07789217809937378,1.1573013344513308
192.0,11.474851266053319,11.46916385495532,0.04,286.871281651333,286.729096373883,286.8663787107313,0.17262669330518646,0.03294254868207891,0.9995043586216386,0.9999829089179876,0.9995043586216387,50.0,-0.06588509736415782,0.016265948830146454
196.0,0.0,0.0,0.0,50.0,0.0,0.0,0.0,,0.0,0.0,0.0,0.0,,
199.0,5.871956879162676,5.830330279168279,0.04,146.7989219790669,145.75825697920698,146.76303697907167,0.3450859114002862,0.12047117559088161,0.9929109493051432,0.999755549976039,0.9929109493051432,0.0,0.24094235118176321,0.09629491799609607
205.0,7.352833412251468,5.024948293266239,0.06,122.54722353752447,83.74913822110399,122.5472235375245,2.1401896245201235,1.898834236629298,0.6834029837930979,1.0000000000000002,0.6834029837930979,33.333333333333336,-2.2100857163957075,1.0829311213855919
207.0,32.78364302184398,27.34027663282592,0.1,327.8364302184398,273.4027663282592,327.2374087389422,8.012470059415563,0.5713633056071241,0.8339609058886133,0.9981728038000582,0.8339609058886133,20.0,0.4010519903254052,0.061317444709101124
209.0,9.415099638104433,0.8187695436413819,0.28,33.62535585037297,2.9241769415763637,33.13133418078489,2.288506823850078,1.9455848306288324,0.08696344968328205,0.9853080612206339,0.08696344968328205,0.0,-0.17045757063554257,7.912428649370872
211.0,137.9998216994353,69.24813025772217,1.0,137.9998216994353,69.24813025772217,137.22320973658555,18.694240301291128,1.1448182090960417,0.5017986936863233,0.9943723698097146,0.5017986936863233,2.0,0.032379029612451364,0.7570378523569573
212.0,24.747336765154305,21.802462844797375,0.14,176.7666911796736,155.73187746283838,176.3446838832733,5.0881688101783595,1.033994917073012,0.8810023903459591,0.997612631126464,0.881002390345959,0.0,0.12441437009858776,1.127270041410598
213.0,6.498572034097638,2.0488459012449542,0.2,32.492860170488186,10.244229506224771,31.94413711510693,0.7944129686128587,1.0786192978195768,0.31527632385926885,0.9831125037161352,0.31527632385926885,10.0,-0.34737416769737567,3.750306180220685
215.0,23.808541054898463,11.451440199473804,0.14,170.06100753498902,81.79600142481289,169.52608159572483,8.874559286072119,1.024605748489844,0.4809803411754094,0.9968545056446633,0.4809803411754094,0.0,0.414383304085895,0.21086837813247636
219.0,0.35479570134936905,0.35479570134936905,0.02,17.739785067468453,17.739785067468453,17.739785067468453,0.0,0.0,1.0,1.0,1.0,0.0,,
220.0,2.854323028884595,2.813335046490895,0.04,71.35807572211488,70.33337616227237,71.32274125453408,0.21873536548160724,0.18655638330498414,0.9856400337386769,0.9995048287496092,0.985640033738677,0.0,-0.3731127666099683,0.4459086291024964
221.0,45.46281588008178,16.876082742148398,0.18,252.57119933378766,93.75601523415777,252.57119933378758,12.895974096488754,1.817367990554735,0.3712062795815991,0.9999999999999997,0.3712062795815991,22.22222222222222,-0.4718638773005187,0.5057308482763028
222.0,17.727325213636647,11.729663440105384,0.1,177.27325213636647,117.29663440105384,175.96915659039968,3.0533544494340403,1.11479097810813,0.6616713632061314,0.9926435853675002,0.6616713632061314,20.0,-1.0018113263370174,0.5373771247426786
223.0,175.52513338079075,92.11273137878378,1.26,139.305661413326,73.10534236411411,138.74330284425713,13.631125730982133,1.5170466804882219,0.5247837139023902,0.9959631319835572,0.5247837139023902,3.1746031746031744,-0.05013091314771612,0.6624759329037735
226.0,0.0,0.0,0.0,3.1746031746031744,0.0,0.0,0.0,,0.0,0.0,0.0,0.0,,
227.0,7.190467213495756,6.253392935851822,0.04,179.7616803373939,156.33482339629555,178.95385768425297,1.7434170933604116,0.5239095277442061,0.8696782490176517,0.9955061465178522,0.8696782490176516,0.0,1.0478190554884121,0.25070485960806027
230.0,236.14997837942488,51.3497749886271,2.44,96.78277802435446,21.044989749437335,96.13642445633046,16.07274062977313,1.5956694247866372,0.21744560529293305,0.9933216055457579,0.21744560529293305,4.098360655737705,-0.019619836744029583,1.373881376682991
231.0,0.0,0.0,0.0,4.098360655737705,0.0,0.0,0.0,,0.0,0.0,0.0,0.0,,
233.0,1.8463224432568537,1.0778931985127473,0.04,46.158061081421344,26.94732996281868,45.495622077331575,0.7304580420719837,2.957084185266403,0.5838055007398264,0.9856484655427521,0.5838055007398265,0.0,-4.364104213708927,4.180573981923956
235.0,25.439954389348415,13.983641101253738,0.18,141.33307994082455,77.68689500696522,141.33307994082455,7.413788631976574,2.2132551063970647,0.5496724124280906,1.0,0.5496724124280907,0.0,0.6145517980096387,1.2712377497405762
236.0,9.606938302506016,9.36648295022339,0.08,120.0867287813252,117.08103687779236,120.00565183182181,0.4994715579655499,0.24134597682152426,0.9749706571738985,0.999324846714319,0.9749706571738986,12.5,-0.06792818238694635,0.19983546114867648
237.0,59.40366776861649,34.09112525396,0.36,165.0101882461569,94.69757014988889,164.39344728332978,11.624824747848189,1.1434475565049476,0.5738892316674538,0.996262406767835,0.5738892316674538,5.555555555555555,0.049342398512192305,0.47882500264526384
238.0,33.25117947734447,25.430611667942276,0.22,151.14172489702034,115.59368939973761,150.65259448565666,4.589633948129884,0.5310529112073122,0.7648032962340267,0.9967637632050518,0.7648032962340268,4.545454545454546,-0.02872873733030836,0.21067298789908637
239.0,47.528927183556,28.825051284134666,0.22,216.04057810707272,131.0229603824303,213.96475612671466,10.451363074561911,1.0966824265576758,0.6064738463970112,0.9903915181187432,0.6064738463970111,4.545454545454546,0.12246820617068485,0.5265907069403426
240.0,23.154180890350347,19.021896813226135,0.14,165.3870063596453,135.8706915230438,165.03563363577516,5.704120153542757,0.5739310289251579,0.821531839252134,0.9978754514541119,0.821531839252134,0.0,0.1789218855246998,0.19996819922652373
243.0,15.28059052236922,13.043445545415306,0.12,127.33825435307683,108.69537954512755,126.92234736935144,0.7857562075613916,1.9601064945328115,0.8535956464719762,0.9967338410139329,0.8535956464719762,8.333333333333334,-1.0598567047347989,6.9521120529084826
244.0,8.18726248029493,8.18285201066462,0.04,204.68156200737323,204.57130026661548,204.67775987838158,0.1292626861487368,0.03411616014082175,0.9994613010586963,0.9999814241744378,0.9994613010586963,50.0,-0.0682323202816435,0.02290919261566928
250.0,4.143627837616464,4.099383901598767,0.04,103.59069594041159,102.48459753996917,103.5525546162582,0.2302741730380892,0.19082235785114476,0.989322415585675,0.9996318074339868,0.9893224155856749,0.0,0.3816447157022895,0.11232567274495188
252.0,49.55768815394217,22.258147913636037,0.46,107.73410468248298,48.38727807312182,106.82903305745431,8.119115841599124,0.8686332255735172,0.4491361228250811,0.9915990240259004,0.4491361228250811,15.217391304347826,0.003986605128016952,0.7728344668496124
255.0,28.711161608790565,20.017551891333515,0.16,179.44476005494104,125.10969932083447,178.44839663005735,5.71540673169361,0.8156968365224003,0.6972045284717666,0.9944475200915388,0.6972045284717666,6.25,0.04443465729356127,0.26880095394084735
257.0,33.43945973252788,11.6878468112368,0.84,39.80888063396176,13.914103346710478,39.235382221814454,0.8116942293648338,2.479748060807997,0.3495225970970928,0.9855937066550411,0.3495225970970928,3.5714285714285716,0.028636698087037355,11.770648595573334
259.0,2.0208970827117536,1.863463174897777,0.08,25.26121353389692,23.293289686222213,25.19060448541795,0.1413124133296846,0.7638396674179407,0.9220970186157511,0.9972048433704809,0.9220970186157511,0.0,-0.31567593245874054,13.22669868806623
260.0,11.534558539988701,1.9357649973534177,0.52,22.181843346132116,3.7226249949104186,21.897513190901307,1.5585488033134487,1.3831076704348857,0.16782306757925683,0.98718185180582,0.16782306757925683,5.769230769230769,0.04676095142620323,6.360947628021875
264.0,50.07951018073518,1.9071169747692625,1.94,25.814180505533596,0.9830499869944652,25.371880682490904,3.0139171613629845,1.5818113108257867,0.03808178170845811,0.9828660133933796,0.03808178170845811,5.154639175257732,0.022426186456233326,6.4266516608990045
265.0,0.0,0.0,0.0,5.154639175257732,0.0,0.0,0.0,,0.0,0.0,0.0,0.0,,
266.0,8.86582078564166,8.827617202870208,0.04,221.6455196410415,220.6904300717552,221.61258551796266,0.4108643161702278,0.09291633401650956,0.9956909141640532,0.9998514108332432,0.9956909141640531,0.0,0.18583266803301912,0.04060638350014158
267.0,7.793450885657537,1.1995282909786718,0.18,43.296949364764096,6.664046060992621,43.29694936476409,1.026281088436106,1.7215839836019977,0.15391490991316703,0.9999999999999999,0.15391490991316706,22.22222222222222,0.38241979171008644,4.641640889968782
271.0,0.0,0.0,0.0,22.22222222222222,0.0,0.0,0.0,,0.0,0.0,0.0,0.0,,
273.0,16.56549642359104,15.229384860207771,0.08,207.068705294888,190.36731075259715,206.75891476638043,2.697960179098055,0.41032016542792754,0.919343705179852,0.9985039239605695,0.9193437051798519,0.0,0.3552481726188161,0.1508100465990565
274.0,5.599506189276365,5.599506189276365,0.02,279.97530946381823,279.97530946381823,279.97530946381835,0.0,0.0,1.0,1.0000000000000004,1.0,0.0,,
275.0,1.3953797936810588,1.3953797936810588,0.02,69.76898968405294,69.76898968405294,69.76898968405295,0.0,0.0,1.0,1.0000000000000002,1.0,0.0,,
277.0,24.99994178977001,22.325125020616646,0.1,249.99941789770008,223.25125020616645,248.9697918903035,2.679792346266779,0.6542726528865569,0.8930070801105665,0.9958814863808286,0.8930070801105665,10.0,-0.49713602729215156,0.13394534842974573
278.0,69.32336322181291,52.937156890742735,0.5,138.64672644362582,105.87431378148547,138.2219698252711,14.072114797776965,0.7767500140801984,0.7636264951739361,0.9969364107667739,0.7636264951739361,4.0,0.03283632065797784,1.352335766631411
280.0,11.86422562471652,5.5507617860470635,0.06,197.73709374527533,92.51269643411773,197.73709374527533,3.137252036846,3.460082996029912,0.46785706557057255,1.0,0.46785706557057255,0.0,1.6961130146847565,0.8153129816945843
281.0,0.0,0.0,0.0,0.0,0.0,0.0,0.0,,0.0,0.0,0.0,0.0,,
282.0,215.128550512426,55.64378398349117,2.86,75.21977290644266,19.455868525696214,74.90790506369723,35.88099168261211,3.2177547375334985,0.25865364616156394,0.9958539114026131,0.25865364616156394,0.0,-0.02265860222093542,2.3200766117994522
283.0,4.627251607488601,4.627251607488601,0.02,231.36258037443005,231.36258037443005,231.36258037443008,1.572414519756877e-12,0.0,1.0,1.0000000000000002,1.0,0.0,,
285.0,4.010733511374564,4.010733511374564,0.02,200.5366755687282,200.5366755687282,200.5366755687282,0.0,0.0,1.0,1.0,1.0,0.0,,
286.0,38.05908733115943,18.575673769347244,0.22,172.99585150527014,84.4348807697602,172.21032357205334,6.919819679081964,2.8170854796357,0.488074598524046,0.9954592672229896,0.48807459852404594,9.090909090909092,0.20002894877981006,1.3938566802931747
287.0,0.7622496843055091,0.7622496843055091,0.02,38.11248421527545,38.11248421527545,38.11248421527545,0.0,0.0,1.0,1.0,1.0,0.0,,
290.0,20.50223566630049,19.08539536344681,0.08,256.2779458287561,238.56744204308512,256.09727620429516,2.699034502006774,1.5231142411817697,0.9308933754389265,0.9992950246893985,0.9308933754389265,0.0,-1.607100052922456,0.8927856872666055
291.0,11.089506326770193,9.188687155811293,0.24,46.20627636154247,38.286196482547055,46.086943165914214,2.269851307202966,2.135175639037678,0.8285929855713864,0.997417381251531,0.8285929855713864,0.0,0.4168284549192061,3.3370253022820786
295.0,25.53692394542037,11.914982788236276,0.12,212.80769954516975,99.29152323530231,212.37952491073784,6.969784747282052,3.1152653913283626,0.46657862214344864,0.997987973953259,0.46657862214344864,8.333333333333334,-0.708994331200224,0.31518670636704493
296.0,14.78373431116404,10.927584996719068,0.08,184.7966788895505,136.59481245898834,183.9050081319868,2.848248700923903,1.33379037611834,0.7391627018396175,0.9951748550735772,0.7391627018396175,0.0,-1.3465337776947186,0.5754601804441531
297.0,0.0,0.0,0.0,0.0,0.0,0.0,0.0,,0.0,0.0,0.0,0.0,,
298.0,36.91067772229799,22.114818145880214,0.18,205.05932067943328,122.86010081044564,205.05932067943328,10.377459506366803,0.9468293364852732,0.5991441910729399,1.0,0.5991441910729399,0.0,-0.27583652305996753,0.40881510347787875
299.0,3.6507836832984815,3.6507836832984815,0.02,182.53918416492408,182.53918416492408,182.53918416492408,0.0,0.0,1.0,1.0,1.0,0.0,,
302.0,12.82410397504387,6.199555735470525,0.26,49.32347682709181,23.844445136425094,49.116275024339615,3.36710259898759,1.2203070069153032,0.48342993378212346,0.9957991241477449,0.48342993378212346,15.384615384615383,0.2038056221262083,3.0581778523223484
303.0,74.31645347244742,36.81915988613114,0.42,176.94393683916053,87.66466639555034,176.07440660381465,12.677594686054404,1.122399928402874,0.49543752649313016,0.9950858432852872,0.4954375264931301,4.761904761904762,0.07415936866088317,1.141193399016764
304.0,27.290243645237638,9.612198592333256,0.18,151.61246469576466,53.40110329074031,151.6124646957647,9.014719000839067,2.414223612923031,0.35222106175701584,1.0000000000000002,0.35222106175701584,0.0,0.33074187326491533,0.36504857265489243
305.0,129.73966301059437,44.21238401261529,0.84,154.4519797745171,52.63379049120868,153.46781278206117,12.299582507029179,1.1218713670511058,0.3407777004092031,0.9936280066212637,0.340777700409203,5.9523809523809526,-0.010400287555354213,0.39692788869453577
307.0,8.576298791032285,0.9358834999937237,0.6,14.293831318387141,1.5598058333228728,14.017820124156266,0.7190408081286873,1.5421465629139526,0.10912440468752328,0.9806901880900313,0.10912440468752328,5.0,-0.06245214522170543,12.461024757782369
311.0,26.12588145703578,1.6007254615056545,3.18,8.215685992778548,0.5033727866369982,8.113358412615424,1.1038227439612245,2.2402373146033865,0.06126972076092667,0.9875448525840608,0.061269720760926676,2.20125786163522,0.027531825994343156,20.058933802863667
313.0,7.7957194364256175,7.653278505345893,0.06,129.9286572737603,127.55464175576489,129.92865727376034,0.7166877498975229,0.18074609104011063,0.9817283148474831,1.0000000000000002,0.9817283148474832,0.0,0.21111306541441088,0.15482550705607306
314.0,147.35378674120435,78.01444682898887,0.84,175.42117469190995,92.87434146308199,174.48632026877726,20.312078610064933,2.1004759915466393,0.5294363216196452,0.9946708005759591,0.5294363216196452,7.142857142857143,-0.07878790771387047,0.7725239737652647
316.0,0.0,0.0,0.0,7.142857142857143,0.0,0.0,0.0,,0.0,0.0,0.0,0.0,,
318.0,7.470180272182333,7.470180272182333,0.02,373.5090136091166,373.5090136091166,373.5090136091166,0.0,0.0,1.0,1.0,1.0,0.0,,
319.0,0.0,0.0,0.0,0.0,0.0,0.0,0.0,,0.0,0.0,0.0,0.0,,
320.0,7.1825102043746885,6.888634690853576,0.08,89.7813775546836,86.1079336356697,89.61153199810465,0.8650998711665151,0.2313247834627703,0.9590845672113184,0.9981082317825264,0.9590845672113184,0.0,0.14356268648055837,0.24503412317209425
322.0,4.347193034564209,4.347193034564209,0.02,217.35965172821045,217.35965172821045,217.3596517282105,0.0,0.0,1.0,1.0000000000000002,1.0,0.0,,
324.0,0.5697664763431654,0.3750065874199143,0.08,7.122080954289567,4.687582342748929,6.992168214753186,0.13843061628677145,1.1141587953118375,0.6581759422329564,0.9817591599463447,0.6581759422329563,0.0,-0.5913775671068927,11.491524909858454
329.0,27.95036721286467,12.757774304857003,0.1,279.50367212864666,127.57774304857003,275.7302367964157,7.136816718900635,2.500453537634006,0.4564438888296611,0.9864995142872607,0.456443888829661,10.0,0.6955888267926317,0.730651741769984
330.0,12.125400065439313,2.358441671005069,0.38,31.90894754062977,6.206425450013339,30.99122707650864,0.9902343774259036,1.859139576254023,0.19450423559444185,0.9712394003922381,0.19450423559444185,13.157894736842104,0.1140190182902568,7.660265120113721
332.0,89.46161624136738,35.6427496596439,0.54,165.66965970623588,66.00509196230351,164.35792617573603,16.680391933184826,2.027400183741598,0.3984138802442355,0.9920822344125907,0.3984138802442355,3.7037037037037033,0.11627226097971845,0.6032306420471856
333.0,10.921138039476908,9.78279502406871,0.06,182.01896732461515,163.0465837344785,182.01896732461512,1.8142876425066812,2.364811316635862,0.895766996874007,0.9999999999999999,0.895766996874007,0.0,-2.538394062010938,1.1930408915756683
336.0,4.827094347915917,3.981288617577073,0.04,120.67735869789793,99.53221543942682,119.94821582691685,1.0095795968501087,0.7474105491332845,0.8247795320793723,0.9939579148992944,0.8247795320793724,0.0,-1.494821098266569,1.3917133063606015
337.0,47.03702438219306,26.00403186780392,0.22,213.80465628269573,118.20014485365418,212.73994361334266,15.169097125110483,1.0598586502315877,0.5528417711229271,0.9950201614508092,0.5528417711229272,0.0,0.33220922866449387,0.2806748710633505
338.0,9.613026269206962,9.607400996949304,0.04,240.32565673017405,240.18502492373258,240.32080735753814,0.16425851123511379,0.0342430935676431,0.9994148281612756,0.9999798216607336,0.9994148281612756,50.0,-0.0684861871352862,0.014883059915770649
343.0,114.52904905230106,26.336669322310172,1.62,70.6969438594451,16.257203285376647,70.2420604134782,17.303853640343867,1.2937254867708503,0.22995623852847336,0.9935657268739754,0.22995623852847338,1.2345679012345678,-0.024550537427488674,1.422903525901606
347.0,6.14608769212335,6.14608769212335,0.02,307.3043846061675,307.3043846061675,307.30438460616745,0.0,0.0,1.0,0.9999999999999998,1.0,0.0,,
348.0,24.044478528256196,3.3463764811196084,0.12,200.37065440213496,27.886470675996737,199.0237741460732,6.9982191795710875,1.7777249544138964,0.13917442531294943,0.9932780563097896,0.13917442531294943,0.0,-0.43676216713297755,0.6260800325384166
349.0,31.975424550860836,8.37199890918281,0.42,76.13196321633532,19.93333073614955,75.67838393491355,4.578264823064396,1.947440375442663,0.26182604380642766,0.9940421964407659,0.2618260438064276,7.142857142857143,-0.11725494625774158,1.0791653148831757
350.0,14.411095722242358,9.45700369850048,0.1,144.11095722242356,94.5700369850048,143.40775509055476,4.17670065605219,1.5029869397935243,0.6562307183834997,0.9951204117617269,0.6562307183834997,0.0,-0.41331083828239024,1.4067341227403019
351.0,61.2287157907795,1.151519214402182,2.82,21.712310564106208,0.40834014695112836,21.48641902878838,3.920474908210812,2.336537695662413,0.01880684903366192,0.9895961540043895,0.01880684903366192,4.964539007092199,0.02116169464245668,9.161567988932518
352.0,30.046338815503194,4.550175636902718,0.42,71.53890194167427,10.833751516435044,71.29942830125968,3.736674643101758,1.4376379416117737,0.15143860504411727,0.9966525396125058,0.15143860504411727,4.761904761904762,-0.028881037507161235,0.7806891902178023
353.0,7.400609373202142,4.0673745520995395,0.06,123.34348955336904,67.78957586832566,123.34348955336904,2.749662650607217,2.1686545389946636,0.5495999514347617,1.0,0.5495999514347617,0.0,-1.7816485854510493,1.0679753572441661
354.0,3.8763357699743644,1.3228496185131156,0.26,14.90898373067063,5.087883148127367,14.835016412574273,1.5667638883810069,2.580722762645429,0.34126290832691825,0.9950387417792809,0.34126290832691825,0.0,-0.3720144361598843,25.076075837285888
355.0,132.08593558265773,18.67044297226362,2.04,64.74800763855771,9.152177927580205,64.24932266732772,12.74763168441674,1.5330006563347702,0.14135072663039047,0.9922980646136048,0.14135072663039047,3.9215686274509802,0.04226619347728301,1.97271179939368
358.0,18.647679750704768,17.254032953148723,0.04,466.1919937676192,431.3508238287181,464.9905741145538,2.8889391420709485,0.46515877382488646,0.9252643322822308,0.9974229080097324,0.9252643322822308,0.0,-0.9303175476497729,0.21400565103269456
360.0,13.496855384405597,13.460469837060236,0.04,337.4213846101399,336.5117459265059,337.39001775898,0.47874712940356273,0.07595790028121344,0.9973041463134146,0.9999070395280484,0.9973041463134145,0.0,-0.15191580056242687,0.03021135433635698
365.0,280.30405164020857,33.40441524584754,2.78,100.82879555403187,12.015976707139403,100.45237533648263,18.51919077791849,1.9827303585797476,0.11917207421862253,0.9962667389263068,0.11917207421862253,3.5971223021582737,-0.012730081390105156,1.3725006921613419
371.0,3.161221979672275,3.161221979672275,0.02,158.06109898361376,158.06109898361376,158.06109898361376,0.0,0.0,1.0,1.0,1.0,0.0,,
372.0,49.394535833409726,23.03728101206034,0.24,205.81056597254053,95.98867088358476,204.11970873948692,4.922730030013715,1.5261511948535709,0.4663933089635042,0.9917844002563055,0.46639330896350417,12.5,-0.5030608601257469,0.4911073668220461
377.0,4.56554786497946,4.56554786497946,0.02,228.277393248973,228.277393248973,228.277393248973,0.0,0.0,1.0,1.0,1.0,0.0,,
379.0,16.234915201743444,1.1889738190949892,0.42,38.65456000415106,2.83089004546426,38.35179668590985,2.440141083088258,2.467072108887784,0.07323560390184897,0.9921674617895353,0.07323560390184897,9.523809523809524,0.10700300059973214,8.254993804403817
383.0,41.06003927812091,18.464956220881994,0.16,256.6252454882557,115.40597638051246,253.76699195948012,9.89355953556893,2.6220861266894038,0.44970624835035544,0.9888621498506998,0.4497062483503555,0.0,-0.5926400107278719,0.5307618994304297
384.0,26.536201451126228,8.465284766306485,0.16,165.8512590695389,52.90802978941553,164.57196330186895,3.0835357273396706,1.331473490681051,0.3190089124812251,0.9922864874535949,0.3190089124812251,6.25,0.025673966450467618,0.4852094613038015
385.0,6.900048902045977,5.828421086382921,0.04,172.50122255114943,145.71052715957302,171.57740546868212,1.7346649460043835,0.5934506141476267,0.8446927216203785,0.9946445766076042,0.8446927216203785,0.0,-1.1869012282952534,0.4843099136093161
388.0,17.76014203901168,17.50429918015799,0.06,296.00236731686135,291.7383196692998,296.00236731686135,0.8733945583509128,0.15961224984671607,0.9855945488334659,1.0,0.985594548833466,16.666666666666668,0.04380184509720364,0.0604562079532818
389.0,11.522633077016323,10.030413027234683,0.06,192.04388461693873,167.1735504539114,192.04388461693873,1.8786510064970723,0.6248207726888576,0.870496609602357,1.0,0.870496609602357,0.0,0.8706311359982819,0.5338205851079962
390.0,34.159046187446826,19.992220626348242,0.22,155.26839176112193,90.87373011976474,153.95158964262592,6.552705676574297,0.8289587762114752,0.5852687020779644,0.9915191874948902,0.5852687020779644,4.545454545454546,0.07085434523575389,0.3160207017085472
391.0,0.0,0.0,0.0,4.545454545454546,0.0,0.0,0.0,,0.0,0.0,0.0,0.0,,
392.0,4.153853379595224,4.153853379595224,0.02,207.6926689797612,207.6926689797612,207.6926689797612,0.0,0.0,1.0,1.0,1.0,0.0,,
394.0,76.3330255899244,27.710148860878718,0.82,93.08905559746879,33.79286446448624,92.50468250126023,9.311814544007534,1.1457336819532808,0.36301651410678953,0.9937224296405426,0.36301651410678953,9.75609756097561,0.07141956975693411,0.5994815590666306
399.0,0.0,0.0,0.0,9.75609756097561,0.0,0.0,0.0,,0.0,0.0,0.0,0.0,,
400.0,28.90613514563093,2.9230600986862996,2.54,11.380368167571232,1.150811062474921,11.209926119766324,2.384108026277131,1.5683762185898917,0.1011224808837203,0.9850231516858489,0.1011224808837203,3.937007874015748,0.01797015781504368,13.53403360575576
401.0,20.29045536630788,0.20254721157546207,2.42,8.384485688556977,0.08369719486589342,8.298461847682734,0.9090349913923413,1.6823369517384892,0.009982388661014965,0.9897401171557074,0.009982388661014967,4.132231404958678,-0.024688220214838453,16.31924365921517
402.0,35.032870748451934,20.065644213368028,0.18,194.62705971362186,111.47580118537793,194.62705971362183,5.772824566636217,0.8859878428784591,0.5727661988492538,0.9999999999999999,0.5727661988492538,5.555555555555555,0.1554375842053581,0.24248636351784875
403.0,1.162854419803122,1.162854419803122,0.02,58.14272099015611,58.14272099015611,58.14272099015611,0.0,0.0,1.0,1.0,1.0,0.0,,
404.0,31.11337376599423,28.846527310326536,0.1,311.13373765994226,288.46527310326536,310.877450128378,4.650506643491314,0.3808037129619994,0.9271423770139235,0.9991762785563152,0.9271423770139234,20.0,-0.3343802814776271,0.0576040441720829
406.0,0.13650745300369577,0.13650745300369577,0.02,6.8253726501847884,6.8253726501847884,6.8253726501847884,2.6650404260294998e-11,0.0,1.0,1.0,1.0,0.0,,
407.0,355.83001170412604,66.08818976240578,2.3,154.70870074092437,28.733995548872077,153.82096064329804,30.401618229776236,1.411426921971287,0.185729667505838,0.9942618605587481,0.185729667505838,3.0434782608695654,0.03472622328103962,0.38402893025721535
408.0,10.951705375662279,10.784112186531026,0.04,273.792634391557,269.60280466327566,273.6481575043748,0.9456338225455151,0.1767419249880795,0.9846970692341951,0.9994723127322134,0.9846970692341951,0.0,0.353483849976159,0.0744064545423769
409.0,27.482269728267177,22.56483263412638,0.08,343.5283716033397,282.0604079265797,342.61686095100987,5.666784198574162,0.5007614875302644,0.8210687420376013,0.9973466219163339,0.8210687420376012,0.0,0.5360390887666652,0.08840257349449147
410.0,0.6357291462965724,0.6332128232040493,0.04,15.89322865741431,15.830320580101231,15.891059413369044,0.026477860057806626,3.108509933338971,0.996041831482508,0.9998635114304321,0.996041831482508,0.0,6.093310194546117,14.225485366469755
411.0,7.705999797719123,7.364627143214286,0.04,192.64999494297808,184.11567858035716,192.3557081718532,0.938643445087858,0.35624005829372873,0.955700407024942,0.9984724278284461,0.955700407024942,0.0,-0.7124801165874575,0.12035873016817678
416.0,62.51767034358955,45.275089652895446,0.34,183.87550101055749,133.16202839086895,183.02093064186988,11.111219294219492,0.9770251486459524,0.7241966855781579,0.9953524511748929,0.7241966855781579,2.941176470588235,0.2838039016190425,0.418500704769166
417.0,99.27017375775708,35.75055742884495,1.1,90.24561250705189,32.50050675349541,89.90094974859547,19.891901851665057,1.1486517022010259,0.36013392618899653,0.9961808363987835,0.36013392618899653,1.8181818181818181,0.0371078656151928,0.9164317432013306
419.0,77.23759079242852,40.97445070841955,0.44,175.53997907370118,93.12375161004444,175.0834336591104,14.212830684738309,1.8430192329113781,0.5304988191376396,0.9973991940924233,0.5304988191376395,0.0,-0.1852154942253235,0.44271890300892636
422.0,1.1264838213379929,1.1264838213379929,0.02,56.324191066899644,56.324191066899644,56.32419106689963,0.0,0.0,1.0,0.9999999999999998,1.0,0.0,,
425.0,17.120392678102085,16.60264465278933,0.06,285.3398779683681,276.7107442131555,285.33987796836806,1.630683477885138,0.2103053340548445,0.9697584024474518,0.9999999999999998,0.9697584024474518,16.666666666666668,-0.12660514290040914,0.0775834408800134
427.0,0.0,0.0,0.0,16.666666666666668,0.0,0.0,0.0,,0.0,0.0,0.0,0.0,,
428.0,17.291506647273593,13.400415673976612,0.1,172.91506647273593,134.0041567397661,172.46610139052956,3.9765276243512706,0.49602262177668355,0.7749709696979757,0.997403551400322,0.7749709696979759,0.0,-0.33915083031377763,0.16045078229082613
431.0,2.119874467327571,1.8467503173701367,0.12,17.665620561063093,15.389585978084474,17.65141691700417,0.347315310020082,2.0889027964077354,0.8711602247364442,0.999195972538308,0.8711602247364442,16.666666666666668,-0.2207271293088676,13.478364970886108
433.0,58.63720013436297,28.802825268040543,0.4,146.59300033590742,72.00706317010135,145.7031439741274,11.000504851015934,1.0468010470591245,0.49120396611777023,0.9939297486255076,0.4912039661177703,5.0,-0.04762675754398421,0.49147137305403743
434.0,15.763099979916964,14.364139466385629,0.08,197.03874974896203,179.55174332982034,196.33664916286548,1.6137133881346617,0.46100088632205544,0.9112509268282453,0.996436738524828,0.9112509268282453,25.0,-0.12484427749867821,0.3445817016133274
435.0,119.80895133214025,37.610301020028494,0.8,149.7611891651753,47.012876275035616,149.3743852754133,15.258235220831276,3.0833679288377236,0.31391895682120924,0.9974171953900861,0.31391895682120924,3.75,-0.0017763834477742275,0.5195358020607619
436.0,93.69425290941545,39.23283605353838,0.62,151.1197627571217,63.278767828287705,150.15571394506603,8.304664644503369,0.9979550488437818,0.41873257788254187,0.9936206304558255,0.4187325778825418,9.67741935483871,-0.0005287563968314312,0.2991377870877591
437.0,4.900998561655002,3.4880676250715372,0.04,122.52496404137504,87.20169062678843,121.30692013052737,1.4197718840484648,0.8747212955575625,0.7117054986226447,0.9900588102973338,0.7117054986226447,0.0,1.749442591115125,1.1947330482503469
439.0,10.106518969249631,1.0041832048052253,0.22,45.938722587498326,4.5644691127510235,45.56366097406552,2.4379741907320023,1.3812490114722193,0.09935994855009724,0.9918356107373592,0.09935994855009725,9.090909090909092,0.027480986407255336,3.358580796523217
440.0,27.63438130867276,1.4941203584360163,0.22,125.61082413033073,6.791456174709165,125.15385364670266,10.867276989044145,1.964005888087884,0.05406744380295217,0.9963620134905418,0.05406744380295217,0.0,0.28878822092986595,0.6210513061450562
445.0,0.0,0.0,0.0,0.0,0.0,0.0,0.0,,0.0,0.0,0.0,0.0,,
447.0,4.850793031409053,4.850793031409053,0.02,242.53965157045263,242.53965157045263,242.53965157045263,5.999808746381343e-12,0.0,1.0,1.0,1.0,0.0,,
448.0,27.297305564652813,14.379899887435789,0.24,113.7387731860534,59.916249530982455,113.3733130173939,5.400942681546478,1.0950866739095366,0.526788252173001,0.9967868462229527,0.526788252173001,0.0,-0.13563515824127503,0.9799588318265763
452.0,8.018256905167132,7.898115109996542,0.04,200.4564226291783,197.45287774991354,200.3528521161002,0.608642976543582,0.19633206930843083,0.9850164697151113,0.9994833265419004,0.9850164697151114,0.0,0.39266413861686167,0.18387285643037812
458.0,22.09975156637935,19.744804214524358,0.1,220.99751566379348,197.44804214524356,220.48835371349375,4.273994136282593,0.48568882244841644,0.8934400984200381,0.9976960738731818,0.8934400984200381,0.0,-0.33086817474063757,0.1200137986283874
460.0,0.0,0.0,0.0,0.0,0.0,0.0,0.0,,0.0,0.0,0.0,0.0,,
461.0,0.0,0.0,0.0,0.0,0.0,0.0,0.0,,0.0,0.0,0.0,0.0,,
462.0,3.3232443890034076,2.347405162431656,0.04,83.08110972508518,58.6851290607914,82.23986901252309,1.1654823056471575,3.2374463152234343,0.7063594751560263,0.9898744646605497,0.7063594751560262,0.0,4.701135690464659,2.583614311815244
463.0,14.234775929104618,6.165450260920666,0.08,177.9346991138077,77.06812826150832,176.64289664927784,4.581340309590849,0.8148343551100392,0.43312590880441626,0.99274001939496,0.43312590880441626,0.0,-0.8451206917602222,0.42983839510333577
464.0,0.2676885118333193,0.08846512332862642,0.04,6.692212795832983,2.2116280832156607,6.537709874708174,0.07929076656265445,1.3544537196239972,0.330477848013555,0.9769130292418357,0.330477848013555,0.0,2.7089074392479944,16.097798458864453
466.0,13.994187904085106,1.7606549064548673,0.28,49.97924251458966,6.288053237338811,49.3398318954816,2.819690057792762,1.904378009818258,0.12581329609994066,0.9872064763902454,0.12581329609994066,3.571428571428571,0.018842464012948038,4.164287738361119
468.0,15.064942974160989,13.868403049809668,0.06,251.08238290268315,231.14005083016116,251.08238290268312,2.7308379854025775,2.2353818949550113,0.920574546720582,0.9999999999999999,0.920574546720582,0.0,2.6899231216315576,0.7738839878340664
469.0,5.534256470901341,4.3664694280302365,0.04,138.35641177253353,109.16173570075591,137.34969880454125,1.2519747978508606,0.8133308847055465,0.7889893522262238,0.9927237707664218,0.7889893522262238,0.0,1.626661769411093,0.38326680203473523
470.0,16.654645696086195,12.710404546749759,0.1,166.54645696086195,127.10404546749758,165.98832045185858,4.6173880563202365,2.429087414137595,0.7631747188555729,0.9966487638393021,0.7631747188555729,0.0,1.1548193905324289,0.5129346384468565
472.0,5.686566335119073,2.102456901052854,0.2,28.432831675595363,10.51228450526427,27.984037609041746,1.282792487520147,1.2799943887385106,0.3697234459516474,0.9842156394525126,0.3697234459516474,0.0,0.383384819222443,4.9616147129413015
473.0,66.97013211141703,28.002798891400875,0.46,145.5872437204718,60.87564976391494,144.5924444344278,13.583762668759055,3.5048322091345754,0.4181386240184372,0.9931669886686362,0.4181386240184372,0.0,0.23619791335106113,0.5287768605896511
475.0,25.7942823389774,8.615279583285941,0.2,128.971411694887,43.076397916429706,127.9061730261866,6.410954893601706,2.524733395876802,0.3339995844841748,0.9917405054755818,0.3339995844841749,0.0,-0.4464538651205999,0.9081031308326026
476.0,44.83999054919565,1.8688488658388132,1.38,32.492746774779455,1.3542383085788503,32.183740588870805,3.165127188841854,1.885689494900261,0.041678172607740156,0.9904899949502424,0.04167817260774015,10.144927536231885,-0.0791566612762201,4.611551086164006
478.0,12.177090167996512,1.9715558342496338,0.5,24.354180335993025,3.9431116684992675,24.002793081000192,1.3336177883247007,2.4214090551396557,0.16190697506956314,0.9855717889025598,0.16190697506956314,2.0,0.027590031057633396,6.328769866262722
479.0,0.0,0.0,0.0,2.0,0.0,0.0,0.0,,0.0,0.0,0.0,0.0,,
481.0,6.1985796096712065,6.172845456698173,0.04,154.96449024178017,154.32113641745434,154.94230562714827,0.281495926727955,0.09135484169699715,0.9958483790491482,0.9998568406568674,0.9958483790491482,0.0,0.1827096833939943,0.0631336888855712
482.0,2.5192025822394393,0.9697882056691821,0.14,17.994304158853136,6.927058611922729,17.515165926877522,0.34312652775357344,1.3450608777303217,0.38495840410225807,0.9733727835349565,0.38495840410225807,28.57142857142857,0.12869866301424993,7.436435070542441
483.0,1.1527692870346993,1.1527692870346993,0.02,57.63846435173496,57.63846435173496,57.63846435173495,0.0,0.0,1.0,0.9999999999999999,1.0,0.0,,
485.0,3.232866741549383,2.0494442890191444,0.04,80.82166853873457,51.23610722547861,79.80147676931229,0.7518572741634778,1.1127727613382457,0.6339402310275642,0.9873772493457822,0.6339402310275642,0.0,2.2255455226764913,2.789760535092953
487.0,30.98355204036794,6.985893767876773,0.18,172.13084466871078,38.810520932648735,172.13084466871078,7.377182890598437,2.537932231673233,0.22547104214439231,1.0,0.22547104214439234,11.11111111111111,0.2528626466362782,0.36689260086983094
488.0,11.010366440645878,10.675687296382145,0.08,137.62958050807347,133.44609120477682,137.50164829810458,1.1075484907223985,0.278446228103409,0.9696032692401381,0.9990704599294962,0.969603269240138,12.5,-0.021580677509980384,0.41975572035772507
490.0,66.73138325775186,43.99038813100407,0.4,166.82845814437962,109.97597032751017,165.75716766548604,5.270823658071979,2.8535616285828937,0.6592158888882904,0.9935784907994147,0.6592158888882903,10.0,-0.0015783688066738765,0.7946628201338701
491.0,5.755481824496417,5.755481824496417,0.02,287.7740912248209,287.7740912248209,287.7740912248209,7.901116965585288e-14,0.0,1.0,1.0,1.0,0.0,,
492.0,19.523623240065245,7.5700336435631135,0.1,195.23623240065243,75.70033643563113,192.9223823639415,8.150360612576533,2.383880085393609,0.3877371300644816,0.9881484599028597,0.3877371300644816,20.0,-0.958047058636094,0.27680563207961356
493.0,2.701264422470124,2.701264422470124,0.02,135.0632211235062,135.0632211235062,135.0632211235062,5.387075440419161e-12,0.0,1.0,1.0,1.0,0.0,,
494.0,151.84261093318466,84.93767353059037,1.3,116.80200841014204,65.33667194660798,116.40458175831252,12.338656179274524,1.8302504947752827,0.5593796959139851,0.9965974330643872,0.5593796959139851,3.0769230769230766,0.0017270988093229175,0.8671748088196128
495.0,11.536510499974817,11.328919975800575,0.06,192.2751749995803,188.8153329300096,192.27517499958032,0.9438438297301743,2.0866151363736343,0.9820057785952958,1.0000000000000002,0.9820057785952958,0.0,2.9140043220042777,0.8716967580733341
496.0,21.530443852190057,15.627638314067404,0.32,67.28263703809392,48.836369731460636,67.14899738973132,4.6927236612331,1.378754660903999,0.7258391151317475,0.9980137572746006,0.7258391151317475,3.125,-0.07161464186756561,3.4986518478084396
497.0,14.246781455596162,13.117619320035242,0.06,237.44635759326937,218.62698866725404,237.44635759326937,2.601916650612022,0.3732322679798175,0.9207426506063667,1.0,0.9207426506063667,0.0,-0.46750182387224526,0.10323982169817632
499.0,2.808592800701853,2.808592800701853,0.02,140.42964003509263,140.42964003509263,140.42964003509263,8.095644031645048e-14,0.0,1.0,1.0,1.0,0.0,,
500.0,5.7092149396068175,5.7092149396068175,0.02,285.46074698034084,285.46074698034084,285.46074698034084,2.5488469749869e-12,0.0,1.0,1.0,1.0,0.0,,
502.0,14.741748459830987,11.855896681589359,0.1,147.41748459830987,118.55896681589358,146.47044149844723,1.58982775539767,1.0950435521468795,0.8042395183919239,0.9935757749330536,0.8042395183919239,0.0,0.8212672305847326,0.7529299610723879
503.0,0.0,0.0,0.0,0.0,0.0,0.0,0.0,,0.0,0.0,0.0,0.0,,
504.0,2.197977159661336,2.197977159661336,0.02,109.8988579830668,109.8988579830668,109.8988579830668,0.0,0.0,1.0,1.0,1.0,0.0,,
505.0,0.0,0.0,0.0,0.0,0.0,0.0,0.0,,0.0,0.0,0.0,0.0,,
507.0,101.71427363550791,27.06164332441233,0.84,121.08842099465228,32.21624205287182,120.71681504813462,18.23281743784717,1.3375810643935437,0.26605551371666336,0.9969311190660082,0.2660555137166634,1.1904761904761905,0.0280033435483593,2.0713438931978416
508.0,1.8519583405159863,1.439724362561123,0.18,10.288657447311035,7.998468680895128,10.288657447311035,0.1480167141315738,0.8177962112389883,0.7774064518967484,1.0,0.7774064518967483,11.11111111111111,-0.0013962026024224028,11.66890075302521
514.0,89.47402205879871,18.43008512254203,0.54,165.69263344221983,34.129787263966726,164.98501306529016,11.689700792845905,1.7025176340734174,0.20598252653077925,0.9957293190274724,0.20598252653077923,3.7037037037037033,-0.09364503584736009,0.9759152557669256
517.0,0.0,0.0,0.0,3.7037037037037033,0.0,0.0,0.0,,0.0,0.0,0.0,0.0,,
518.0,28.57505497570413,1.3448952196729582,1.62,17.63892282450872,0.8301822343660236,17.43414700984042,2.7647543827675856,3.2314456479960083,0.04706535895789009,0.9883906848107656,0.04706535895789009,3.7037037037037033,0.045899362197784566,7.393959989142604
520.0,194.26426532594462,75.43511345211752,1.68,115.63349126544323,44.90185324530805,115.13919260804872,22.822673951644106,1.1582439268508258,0.388311835558379,0.9957252985101019,0.388311835558379,2.380952380952381,0.007864059293036412,0.6040112333328022
521.0,0.0,0.0,0.0,2.380952380952381,0.0,0.0,0.0,,0.0,0.0,0.0,0.0,,
526.0,4.3697980118002695,4.019356416930081,0.04,109.24495029500673,100.48391042325201,108.94284547184265,0.8037275536401202,0.42702763652047604,0.9198037085641371,0.9972346106401415,0.9198037085641371,0.0,0.8540552730409521,0.29611208230462177
527.0,0.05905572226164043,0.05905572226164043,0.02,2.952786113082021,2.952786113082021,2.9527861130820217,1.5400619397109455e-11,0.0,1.0,1.0000000000000002,1.0,0.0,,
531.0,81.65663611093753,48.63786508678125,0.62,131.7042517918347,78.44816949480847,131.08908242458827,6.4908870588800065,1.2728130173209236,0.5956388531692949,0.9953291609125973,0.5956388531692948,9.67741935483871,0.002529930977785651,1.0452569405238668
533.0,121.31019224182945,37.98456477784035,0.56,216.62534328898116,67.82957996042919,215.05808317035232,19.819407231034944,2.200314254512902,0.3131193189614181,0.9927651118985737,0.31311931896141815,3.571428571428571,0.054392094306175816,0.7507570770399176
536.0,0.0,0.0,0.0,3.571428571428571,0.0,0.0,0.0,,0.0,0.0,0.0,0.0,,
538.0,2.861830626090816,2.723413564735137,0.04,71.5457656522704,68.08533911837843,71.42644059937776,0.39270348544008604,0.3468203821832265,0.9516333845568097,0.9983321856743752,0.9516333845568098,0.0,-0.693640764366453,0.8471653421213876
539.0,95.70669375747786,28.12131076165578,1.56,61.350444716331964,18.026481257471655,61.03478463694586,9.854382486731964,1.6533129302315541,0.29382804543343216,0.9948548037288787,0.2938280454334321,1.923076923076923,-0.062149099089551255,1.199311425774061
541.0,18.291036058112756,17.85451891769201,0.04,457.27590145281886,446.3629729423002,456.8995935731459,1.293451599960865,0.3291790605186913,0.9761349144447652,0.999177066015337,0.9761349144447651,0.0,0.6583581210373826,0.2776712212427033
543.0,2.3941669529953886,2.3941669529953886,0.02,119.70834764976942,119.70834764976942,119.70834764976942,0.0,0.0,1.0,1.0,1.0,0.0,,
544.0,4.647668649860031,4.647668649860031,0.02,232.38343249300155,232.38343249300155,232.38343249300155,4.892209246674236e-14,0.0,1.0,1.0,1.0,0.0,,
545.0,9.409887730087274,6.265426489932746,0.08,117.62359662609092,78.31783112415931,117.20289282646496,3.012109772926752,0.7098566721771989,0.6658343510198963,0.9964233044075049,0.6658343510198964,0.0,-0.684457935913648,0.28073751859979906
546.0,0.0,0.0,0.0,0.0,0.0,0.0,0.0,,0.0,0.0,0.0,0.0,,
548.0,3.107878692874409,0.9505642147531655,0.1,31.078786928744087,9.505642147531654,30.827026799999757,0.6863106182394669,1.0990270876915327,0.3058562796973293,0.9918992935817749,0.30585627969732937,0.0,-0.8347874735333323,1.530086745990242
551.0,0.0,0.0,0.0,0.0,0.0,0.0,0.0,,0.0,0.0,0.0,0.0,,
552.0,47.97775646177165,27.357134491151726,0.28,171.349130220613,97.7040517541133,168.16250997304772,5.8169074085616375,1.534169778137393,0.5702045387001309,0.9814027637989029,0.5702045387001309,17.857142857142854,-0.10313461346663594,0.8305655673070903
553.0,23.043060669674947,16.485168912969833,0.14,164.59329049767817,117.75120652121308,163.49058109382867,4.245034405035576,1.942494433265926,0.7154070871611509,0.9933003988162867,0.7154070871611509,7.142857142857142,-0.1510586182782617,0.6435935037799517
554.0,27.984826841146184,13.101670181226472,0.1,279.84826841146185,131.01670181226473,273.5570128873375,4.686057241169446,1.1896053669037632,0.468170493088885,0.9775190478760645,0.468170493088885,10.0,-0.3582862605734295,0.33301002875666985
556.0,60.92726719497445,28.773651676807987,0.26,234.335643057594,110.6678910646461,233.50325550288886,9.919295399009071,0.9772385687347172,0.4722623055573608,0.9964478832846586,0.47226230555736076,7.692307692307692,0.07794032250158708,0.17149408821328424
560.0,0.0,0.0,0.0,7.692307692307692,0.0,0.0,0.0,,0.0,0.0,0.0,0.0,,
561.0,6.637441596443792,1.8041979481050658,0.24,27.656006651849136,7.517491450437775,27.1694516896905,1.643494787099584,1.308802863443707,0.2718212916663129,0.9824068974135098,0.27182129166631297,8.333333333333334,-0.25949206182585427,4.798094786852054
562.0,0.0,0.0,0.0,8.333333333333334,0.0,0.0,0.0,,0.0,0.0,0.0,0.0,,
563.0,6.215966988082213,5.608409591222817,0.04,155.39917470205532,140.21023978057042,154.8754183254526,1.294306301111631,3.256854044203415,0.9022585869544903,0.996629606446708,0.9022585869544903,0.0,-5.364174133040914,2.2530798683560933
564.0,20.573554208899935,14.201739017053361,0.12,171.44628507416613,118.34782514211135,170.96920794200406,5.021539364716052,0.9366936780911196,0.6902909858380142,0.9972173375937794,0.6902909858380142,0.0,0.5167695925748697,0.2893241896976376
566.0,0.0,0.0,0.0,0.0,0.0,0.0,0.0,,0.0,0.0,0.0,0.0,,
567.0,10.541590842990054,9.727363429470794,0.06,175.6931807165009,162.12272382451323,175.69318071650096,0.7958139762583887,0.5746063792113375,0.9227604803063757,1.0000000000000002,0.9227604803063757,33.333333333333336,0.6739472030666257,1.1022219881048505
568.0,44.4312795301584,24.568702283898997,0.26,170.88953665445538,94.49500878422691,170.19136093027782,10.634753180809666,1.454255009238767,0.5529595938650073,0.9959144618339665,0.5529595938650073,3.846153846153846,0.008073239221781789,0.3860330665636222
569.0,16.370496406658667,10.802181491558986,0.1,163.70496406658665,108.02181491558986,163.2290148544023,4.745141700779121,1.2990670108753803,0.6598566850523373,0.9970926403185258,0.6598566850523372,0.0,-1.0105046027658457,0.5617855005156539
570.0,4.589649305639917,4.589649305639917,0.02,229.48246528199581,229.48246528199581,229.4824652819958,0.0,0.0,1.0,0.9999999999999999,1.0,0.0,,
572.0,14.984488995314504,13.188468128608731,0.08,187.30611244143128,164.85585160760914,186.95051360471598,2.26321928850239,0.68047389810524,0.8801413336639395,0.9981015097047273,0.8801413336639394,0.0,-0.46234467917413885,0.514927051669459
574.0,111.61873759664152,37.34266051247249,1.26,88.58629967987423,29.637032152755946,87.88545095806164,8.973267195298959,1.9539391855425754,0.3345554816021865,0.9920885201848902,0.33455548160218657,11.11111111111111,0.02405446067727386,2.19192810684462
576.0,15.988450891593608,10.689780666101317,0.1,159.88450891593607,106.89780666101316,159.64575018552569,5.149479889517252,0.6913126996495663,0.6685938955925855,0.9985066800277949,0.6685938955925855,0.0,-0.5094699134129381,0.2343356483352643
577.0,0.0,0.0,0.0,0.0,0.0,0.0,0.0,,0.0,0.0,0.0,0.0,,
579.0,18.732309226773605,12.691826224460554,0.42,44.60073625422287,30.218633867763224,44.296609754833874,0.9885079716953868,2.0701946974646597,0.6775366598326518,0.9931811327585381,0.6775366598326519,7.142857142857143,0.002505334755962174,6.812317077955721
581.0,22.659595237309002,5.5935439288982485,0.16,141.62247023318125,34.95964955561405,140.34260840425588,3.3471368722635875,1.4367949535095903,0.24685100816313277,0.9909628618479958,0.24685100816313274,0.0,0.18795392342064318,0.5088436281693048
582.0,13.619780536800288,8.112997590089496,0.26,52.38377129538572,31.203836884959596,52.15272514166831,2.0182482131057293,2.5025905804171464,0.5956775564898708,0.9955893562451896,0.5956775564898708,0.0,0.323293367705439,4.70610038591885
583.0,10.970806542521824,10.404215501218335,0.06,182.84677570869707,173.40359168697225,182.84677570869715,1.5667786172655978,2.1617663770018534,0.9483546593308856,1.0000000000000004,0.9483546593308856,33.333333333333336,2.7600279509929297,0.6534392597059371
584.0,29.415835887371397,23.212452046298466,0.14,210.11311348122425,165.80322890213188,209.30487386382137,2.860524428027735,0.8462747141199312,0.7891141402602084,0.9961533118803881,0.7891141402602084,7.142857142857142,0.7097566935523871,0.4847531262958113
587.0,0.0,0.0,0.0,7.142857142857142,0.0,0.0,0.0,,0.0,0.0,0.0,0.0,,
588.0,0.0,0.0,0.0,0.0,0.0,0.0,0.0,,0.0,0.0,0.0,0.0,,
590.0,20.272613240636435,14.171590907383338,0.12,168.9384436719703,118.09659089486115,167.96276022288305,6.8144939869784364,0.709888159544179,0.6990510172105684,0.994224621537406,0.6990510172105685,16.666666666666668,-0.18761360323203197,0.15594336709632667
591.0,32.79623686857808,1.833330649398975,1.14,28.768628832086037,1.6081847801745395,28.360672249974243,3.2002513918647844,2.037900420393175,0.05590064057487889,0.9858193942960258,0.055900640574878896,10.526315789473685,0.010645009116071533,6.214978158925338
592.0,26.85589426225235,21.69196345530204,0.12,223.7991188521029,180.76636212751703,223.45249983163325,7.277220182478475,0.5700920886791153,0.8077170413122852,0.9984512047131932,0.8077170413122851,0.0,0.22459128557738928,0.14873949254613428
593.0,2.0332158545307744,2.0332158545307744,0.02,101.66079272653872,101.66079272653872,101.66079272653872,2.2365916037547853e-13,0.0,1.0,1.0,1.0,0.0,,
595.0,0.0,0.0,0.0,0.0,0.0,0.0,0.0,,0.0,0.0,0.0,0.0,,
596.0,12.140395321967976,11.134585478172658,0.06,202.3399220327996,185.576424636211,202.33992203279962,1.5267189714978948,1.842240936245819,0.917151804605958,1.0000000000000002,0.9171518046059579,0.0,-2.5420151736553636,1.4482064330868796
597.0,42.606635263004634,20.342813006446555,0.3,142.0221175433488,67.80937668815518,141.59682560220043,10.183664185089405,2.589024003102255,0.47745645439667533,0.9970054527526773,0.47745645439667544,6.666666666666667,0.021418783149354192,0.5099404120643042
598.0,58.50527331714139,26.68324684591195,0.18,325.02929620634103,148.24026025506637,325.02929620634103,12.687855764888507,2.213413990376229,0.45608276541619125,1.0,0.45608276541619125,0.0,-0.37437299689299924,0.44223491266688386
599.0,2.256478653428836,2.256478653428836,0.02,112.8239326714418,112.8239326714418,112.82393267144175,0.0,0.0,1.0,0.9999999999999997,1.0,0.0,,
600.0,21.44678906925639,8.535610226964154,0.12,178.72324224380324,71.13008522470129,178.09218148974537,9.412365788175597,1.3278822330818187,0.39799012334204414,0.9964690616277148,0.39799012334204414,16.666666666666668,0.4942814365182713,0.5624813406727578
603.0,70.87527002261541,30.377515239232107,1.02,69.48555884570138,29.78187768552167,69.27442775913194,12.32677240606217,1.1544240744242735,0.4286052840368583,0.9969615112826786,0.4286052840368583,0.9803921568627451,-0.10842199169084533,1.2016706300032851
604.0,24.80667074041925,23.589842227447672,0.1,248.0667074041925,235.8984222744767,247.913580786386,3.361819536039282,0.2714585208946342,0.9509475283602279,0.9993827199973393,0.950947528360228,0.0,0.15521816903089794,0.05946746891577489
607.0,3.029481133275837,3.029481133275837,0.02,151.47405666379186,151.47405666379186,151.47405666379186,0.0,0.0,1.0,1.0,1.0,0.0,,
608.0,10.942091389753509,10.178199218581721,0.04,273.55228474383773,254.454980464543,272.8937570100685,1.7426956639783735,0.42682888630716265,0.9301877361500454,0.9975926805568964,0.9301877361500455,0.0,-0.8536577726143253,0.29020207867668824
609.0,1.7937323344410017,1.7937323344410017,0.02,89.68661672205008,89.68661672205008,89.68661672205008,0.0,0.0,1.0,1.0,1.0,0.0,,
610.0,0.0,0.0,0.0,0.0,0.0,0.0,0.0,,0.0,0.0,0.0,0.0,,
612.0,65.19443775862072,27.31151273482359,0.26,250.74783753315663,105.0442797493215,249.90518424585898,25.254178574884342,2.722876931772859,0.4189239707219066,0.9966394394640145,0.4189239707219066,7.692307692307692,-0.06365495897393296,0.3836307817719895
614.0,18.285745180249034,15.237829262863489,0.1,182.85745180249032,152.37829262863488,182.42495238494274,4.432253841824017,0.590681368651355,0.8333173798857436,0.9976347728064442,0.8333173798857436,0.0,-0.39545815004551116,0.1491618145836826
615.0,16.120276462330494,11.889607592596258,0.12,134.33563718608747,99.08006327163548,133.76700916383183,4.741109467519203,0.6772689485359432,0.7375560599335643,0.9957671096503756,0.7375560599335644,0.0,-0.21091264172774177,0.26357765007976436
616.0,0.4455112566115398,0.2582863735354966,0.04,11.137781415288494,6.457159338387415,10.976380654016035,0.12887037337230792,2.4619522182727716,0.5797527440719809,0.9855087153128262,0.5797527440719809,0.0,-4.077208842618855,30.93086584986933
617.0,3.962359825850928,0.5808122881046457,0.94,4.215276410479711,0.6178854128772827,4.16471210742764,0.4624675926038055,2.972047713412245,0.1465824189704716,0.9880045107062584,0.14658241897047164,4.25531914893617,0.029074589383463304,31.32333894589965
618.0,36.662055146025786,19.441574182568782,0.16,229.13784466266117,121.50983864105488,228.679553809391,9.423378223143795,0.9065831818907878,0.530291444523024,0.9979999338217357,0.5302914445230241,6.25,-0.2459985609746549,0.18290423337084416
619.0,11.35178274470982,10.812910119726233,0.08,141.89728430887274,135.1613764965779,141.8339188677169,1.6202897458967003,0.2781637282699346,0.9525296918464446,0.9995534414808256,0.9525296918464448,0.0,-0.2464772752297332,0.09791976284905791
620.0,0.0,0.0,0.0,0.0,0.0,0.0,0.0,,0.0,0.0,0.0,0.0,,
623.0,94.15268352873478,52.89916359741859,0.46,204.67974680159736,114.99818173351868,203.6867324308515,11.588212067997961,1.5733837857831148,0.5618444596034707,0.9951484483137043,0.5618444596034707,6.521739130434782,0.0005884968015537062,0.36912807171189166
624.0,0.0,0.0,0.0,6.521739130434782,0.0,0.0,0.0,,0.0,0.0,0.0,0.0,,
626.0,34.17305501243982,10.579007822791342,0.8,42.71631876554977,13.223759778489176,42.28180376758488,1.8643264179904329,1.6164807803020256,0.3095716147982768,0.98982789223131,0.30957161479827683,13.75,0.0030501003719078878,6.142325207955549
627.0,6.490396625620866,6.490396625620866,0.02,324.5198312810433,324.5198312810433,324.5198312810433,2.2420687159430456e-12,0.0,1.0,1.0,1.0,0.0,,
630.0,5.100805520544166,0.9507713979032639,0.34,15.002369178071076,2.796386464421364,14.773495765280307,0.7444279029885401,1.788662525905394,0.18639632388921842,0.9847441820639028,0.18639632388921845,2.941176470588235,0.27616372271830736,9.811325315019257
631.0,22.09234779249547,18.3927271064299,0.12,184.1028982707956,153.27272588691582,184.02825443375835,5.101835997504472,0.5222375326616441,0.8325383648304553,0.9995945537102437,0.8325383648304553,0.0,0.3366566283352527,0.09275050492766926
632.0,0.0,0.0,0.0,0.0,0.0,0.0,0.0,,0.0,0.0,0.0,0.0,,
633.0,1.3133948558210973,1.3133948558210973,0.02,65.66974279105486,65.66974279105486,65.66974279105486,0.0,0.0,1.0,1.0,1.0,0.0,,
635.0,4.206676015918795,4.206676015918795,0.02,210.33380079593974,210.33380079593974,210.33380079593974,6.918486317130137e-12,0.0,1.0,1.0,1.0,0.0,,
636.0,17.30068434691222,15.464193641573587,0.08,216.25855433640274,193.30242051966982,215.82545246428157,2.8453862153451275,0.37235101232167306,0.8938486669941236,0.9979972959985322,0.8938486669941236,0.0,-0.34308330855456665,0.1265089148694614
637.0,52.42207913409128,18.540348361033967,0.4,131.05519783522817,46.350870902584916,130.19424993672732,6.898457647007212,1.2406971264809574,0.35367441862825233,0.9934306466838247,0.3536744186282523,5.0,-0.0989004599145508,0.6123163556470907
638.0,104.13701514419114,36.648512864850545,0.76,137.0223883476199,48.22172745375072,136.53723096909178,10.84360081713135,1.3707101645668422,0.3519259008346451,0.9964592838850735,0.3519259008346451,3.9473684210526314,0.0094423664847175,0.5614667318548666
639.0,3.569416182359383,3.524290265296793,0.04,89.23540455898457,88.10725663241982,89.19650290634438,0.2827117681234724,0.1592792266406805,0.9873576196338187,0.9995640558494417,0.9873576196338187,0.0,0.318558453281361,0.17242843771921082
643.0,64.6982549374554,31.808169678588733,0.36,179.717374826265,88.35602688496871,179.07977400370018,9.575266482634147,0.9956062783324485,0.4916387576347783,0.9964522026699911,0.49163875763477827,5.555555555555555,-0.0988737028205501,0.33390160691394977
644.0,18.910935116566115,0.9068674844367085,0.74,25.555317725089346,1.2254966005901466,25.190902793499085,3.027257363031138,1.5904221926708715,0.04795466109141721,0.9857401525776183,0.04795466109141721,0.0,-0.08758799977775938,5.612440447792945
647.0,10.546191778419761,4.721406770282085,0.2,52.730958892098805,23.607033851410424,52.1481557509202,2.48838947445468,3.0788282735846417,0.44768830962692197,0.9889476096505059,0.447688309626922,15.0,0.000491790076288486,3.055104888265302
651.0,0.0,0.0,0.0,15.0,0.0,0.0,0.0,,0.0,0.0,0.0,0.0,,
652.0,26.85975072759933,20.687705032430202,0.14,191.8553623399952,147.76932166021572,191.27404759576353,6.10682276577915,1.068497326087096,0.7702121007092171,0.996970036504888,0.7702121007092171,0.0,-0.5206708441202664,0.4961837861685141
653.0,40.16590880331871,10.584109026887653,0.2,200.82954401659353,52.920545134438264,200.07552741983937,10.079007754312919,2.8205329974532005,0.2635097609446631,0.9962454896741096,0.2635097609446631,10.0,0.27587076417613,0.28074446426952904
654.0,35.0070406538337,15.982359119673621,0.22,159.12291206288046,72.64708690760737,158.68074904167918,9.46677067413459,3.0004280368209297,0.45654699229548723,0.9972212485589345,0.45654699229548723,4.545454545454546,-0.23996520485079934,0.5927742704168428
655.0,6.226674866281284,4.290160359461285,0.04,155.6668716570321,107.25400898653213,153.99746259942864,1.873852550003382,0.9025119998993503,0.6889970090928274,0.9892757589342355,0.6889970090928272,0.0,1.8050239997987005,0.9409390785960303
658.0,5.860646153013606,2.268081058413926,0.4,14.651615382534015,5.670202646034815,14.484628989780685,0.3297849009104546,1.5602949939309476,0.3870018764479843,0.9886028681211225,0.3870018764479843,15.0,-0.15900731590891015,7.085796181054703
659.0,3.420397175680436,0.8091800128200134,0.24,14.251654898668484,3.3715833867500558,14.116030304657473,0.7081036122503056,2.261348775834904,0.23657486872384617,0.9904835898023546,0.2365748687238462,0.0,0.07617830582599092,36.28261404336644
660.0,118.32099311965693,46.29623860366045,0.66,179.27423199948018,70.1458160661522,178.40524652578523,19.19076064456362,1.5083276632743452,0.39127662287994397,0.9951527586312713,0.39127662287994397,3.0303030303030303,0.02542745513697728,0.3368570464743834
662.0,9.373284403091462,7.511551936342305,0.16,58.58302751932164,46.947199602139406,58.460497922014966,1.6242522086971811,0.7064170004995625,0.801378856472644,0.997908445457752,0.801378856472644,0.0,0.20105637527792894,0.8087262237510124
663.0,0.8583129296499178,0.5666878848203228,0.04,21.457823241247944,14.167197120508071,21.20642234053299,0.05249251614031184,1.7871280829516463,0.6602345895586814,0.9882839513641024,0.6602345895586814,0.0,3.425986599861624,4.834064113910432
664.0,0.0,0.0,0.0,0.0,0.0,0.0,0.0,,0.0,0.0,0.0,0.0,,
665.0,15.613666351269027,12.9879437396458,0.08,195.17082939086282,162.3492967455725,194.26063452524232,3.428683573136966,0.41633845347906395,0.83183177143978,0.9953364195435288,0.8318317714397799,25.0,-0.32493583091449313,0.15085538066677354
666.0,105.33913340836804,40.75170818596494,0.56,188.10559537208576,72.77090747493737,186.84196448502075,10.476205909043372,3.014997440738469,0.38686200339225174,0.9932823322742449,0.38686200339225174,10.714285714285714,-0.023494910730804643,0.5982431040959464
668.0,9.92164710784563,9.92164710784563,0.02,496.08235539228144,496.08235539228144,496.08235539228144,1.4666834115536922e-12,0.0,1.0,1.0,1.0,0.0,,
669.0,14.498376232744247,2.089568986662277,0.58,24.997200401283187,3.6027051494177194,24.76822849957483,1.3720988872908921,1.4845108538955902,0.1441243455900278,0.9908400981696892,0.1441243455900278,5.172413793103448,0.000738974932980696,3.904489386688776
671.0,8.871311733551684,8.870676679187737,0.04,221.7827933387921,221.7669169796934,221.78224587813355,0.05272308876970265,0.01204493890417302,0.9999284148293938,0.9999975315458414,0.9999284148293938,0.0,0.02408987780834604,0.00613454221847216
673.0,76.92213389608243,34.9821527152604,0.54,142.44839610385634,64.78176428751925,141.93549840718072,9.98937924238729,1.6384346661525084,0.45477356052705664,0.9963994140284902,0.45477356052705664,7.4074074074074066,-0.150323249785614,0.6628183154546892
674.0,23.440045007163224,21.445915816684575,0.1,234.40045007163224,214.45915816684575,234.0578422004777,3.2235846140031352,0.41900349372840484,0.9149263924250467,0.9985383651309123,0.9149263924250467,0.0,0.39398951457446635,0.16413869622787938
675.0,0.0,0.0,0.0,0.0,0.0,0.0,0.0,,0.0,0.0,0.0,0.0,,
677.0,3.7555462374244764,1.0814767340805531,0.34,11.045724227719047,3.1808139237663324,10.968790487722675,0.6479449042306367,1.3399481394960175,0.2879678922079312,0.9930349754882248,0.2879678922079312,5.88235294117647,-0.21356464404214232,21.383877176278205
680.0,0.3033407067600062,0.3033407067600062,0.02,15.167035338000309,15.167035338000309,15.167035338000305,0.0,0.0,1.0,0.9999999999999998,1.0,0.0,,
681.0,2.5089992245633126,2.5089992245633126,0.02,125.44996122816563,125.44996122816563,125.44996122816565,0.0,0.0,1.0,1.0000000000000002,1.0,0.0,,
682.0,10.377952701843162,9.818388177486417,0.04,259.44881754607906,245.45970443716044,258.96643433542687,1.5864477949380302,0.34800230197651366,0.9460814150504498,0.9981407384500162,0.9460814150504497,0.0,-0.6960046039530273,0.10218664852535975
683.0,18.203714503795833,14.203927344713113,0.1,182.0371450379583,142.03927344713114,181.58188638035952,3.2427451931809164,0.5373954655422187,0.7802763189760703,0.9974990892243236,0.7802763189760702,0.0,0.5795414649693088,0.19103781591893484
684.0,2.5136362663097698,0.19114313841027278,0.16,15.71022666443606,1.194644615064205,15.470315117230786,0.47880699032359475,1.4558883940265366,0.07604248115455745,0.9847289569826276,0.07604248115455743,6.25,0.14759434417441858,5.605479400570209
685.0,0.0,0.0,0.0,6.25,0.0,0.0,0.0,,0.0,0.0,0.0,0.0,,
686.0,0.0,0.0,0.0,0.0,0.0,0.0,0.0,,0.0,0.0,0.0,0.0,,
688.0,64.23232055552901,34.76962696899128,0.38,169.03242251455003,91.49901833945074,167.84327438553956,9.192064688597732,1.6040050560538421,0.5413104597230431,0.9929649702032276,0.5413104597230431,15.789473684210526,-0.025493743124255466,0.621705553955184
689.0,4.082794852886089,2.4841992801565187,0.04,102.06987132215221,62.104982003912966,100.691771690488,1.3824844525238613,0.9914099679569031,0.6084555726331589,0.9864984680218253,0.6084555726331589,0.0,-1.9828199359138063,1.4225134487406372
693.0,6.738517481117832,6.626496408335169,0.04,168.4629370279458,165.6624102083792,168.36636713761592,0.6085473017591485,0.18354608593151656,0.9833760062066232,0.9994267588347112,0.9833760062066234,0.0,-0.3670921718630331,0.12121579562919076
695.0,16.805486695438503,9.592178832530324,0.1,168.05486695438503,95.92178832530324,167.68982133796086,6.5310205996321855,2.6006321061865827,0.5707766163733847,0.9978278188365515,0.5707766163733847,0.0,-1.0417216538407685,0.986005232507073
696.0,48.66142492248808,16.078415425537905,0.36,135.17062478468912,44.66226507093862,134.92299506816198,4.992917822583723,1.1308402858168995,0.3304139870780382,0.9981680212182078,0.33041398707803826,13.88888888888889,0.2422407823345411,0.6156025719428516
697.0,57.78897722795685,28.556895727501683,0.4,144.4724430698921,71.3922393187542,143.48104630525245,5.033813220983191,1.1477385861902776,0.494158178554622,0.9931378140801561,0.49415817855462196,7.5,-0.002285159144682367,0.6338956166341911
699.0,30.044858170281824,10.129648215600987,0.22,136.56753713764465,46.04385552545903,135.88018799507861,9.235787094612968,3.662646890888693,0.3371508082411417,0.9949669653786517,0.33715080824114174,4.545454545454546,0.0020426241032211133,0.5162039032568492
702.0,4.548999499897021,1.4774710172083585,0.06,75.81665833161702,24.624516953472643,75.816658331617,1.7969072374514188,1.0123510518695904,0.3247903230681395,0.9999999999999998,0.3247903230681395,0.0,1.386563570115917,0.9826738110528909
703.0,19.61888889647543,15.351790109565595,0.12,163.49074080396193,127.93158424637997,162.41973796066463,4.645088210486463,1.9454217403458676,0.7825004866775902,0.9934491529120814,0.7825004866775903,16.666666666666668,0.02184006147422939,0.6206194305038761
704.0,18.892115564684435,13.398062382131625,0.1,188.92115564684434,133.98062382131624,187.9817233914289,6.41897526361433,2.542389519437781,0.7091880385898656,0.9950273845605118,0.7091880385898656,0.0,1.2952478976648865,0.31143486830900435
705.0,1.6120139583608135,1.6120139583608135,0.02,80.60069791804068,80.60069791804068,80.60069791804068,1.7631180724579333e-14,0.0,1.0,1.0,1.0,0.0,,
709.0,16.2953764597114,3.919269814499452,0.26,62.67452484504384,15.074114671151738,61.6533966316712,1.699159400082739,1.485406970289879,0.240514223417264,0.9837074438793549,0.24051422341726403,15.384615384615383,-0.12729670661437306,3.0631173186085134
710.0,0.3066964774125772,0.3059067852127896,0.04,7.66741193531443,7.647669630319739,7.666731166176708,0.0043185470200966455,0.18109077691349995,0.9974251670366422,0.9999112126564393,0.9974251670366422,0.0,-0.3621815538269999,28.560040481821378
713.0,24.195866488464794,16.496280018108067,0.3,80.65288829488266,54.98760006036022,80.5256553257221,2.0107781420500275,0.7451423215323786,0.6817809160078043,0.9984224623339543,0.6817809160078044,3.3333333333333335,0.1020942625462901,0.7885797563839523
714.0,44.87980198613731,23.953481456364358,0.24,186.9991749422388,99.8061727348515,185.91872526337792,9.202925164570031,1.102130394992801,0.5337252036843484,0.9942221687384738,0.5337252036843484,4.166666666666667,0.5298856664521332,0.374868772778858
715.0,7.881989473793853,7.53475591272745,0.06,131.36649122989755,125.57926521212417,131.36649122989758,1.082456816318805,0.28111597368986363,0.9559459496589168,1.0000000000000002,0.9559459496589167,0.0,0.3089013772867284,0.14241659202412807
716.0,0.0,0.0,0.0,0.0,0.0,0.0,0.0,,0.0,0.0,0.0,0.0,,
718.0,18.969358036834596,13.416406200282305,0.14,135.49541454881853,95.8314728591593,135.05867024492628,3.8078015941595647,1.0144904977458018,0.707267276743388,0.9967766857251475,0.707267276743388,0.0,0.5153937163958582,0.44141728600077695
722.0,27.800329671761816,13.14054939656893,0.16,173.75206044851134,82.12843372855582,172.26047798055362,5.820613666546662,1.165479065956206,0.47267602764856576,0.9914154545039209,0.47267602764856576,12.5,-0.04671603777728923,0.36524189142083674
725.0,0.0,0.0,0.0,12.5,0.0,0.0,0.0,,0.0,0.0,0.0,0.0,,
726.0,2.2455268127084937,2.2455268127084937,0.02,112.27634063542469,112.27634063542469,112.2763406354247,0.0,0.0,1.0,1.0000000000000002,1.0,0.0,,
729.0,3.8071167530456305,3.617200846289781,0.04,95.17791882614075,90.43002115724452,95.0141982168682,0.5789942543900979,0.3247063938740655,0.9501155548739293,0.9982798467197878,0.9501155548739292,0.0,-0.649412787748131,0.4319920631922034
730.0,16.836778219579507,6.013594800553992,0.18,93.5376567754417,33.408860003077734,93.53765677544173,3.532139807151944,1.3645671498508878,0.3571701617807602,1.0000000000000002,0.3571701617807602,11.11111111111111,-0.12951069454893305,0.9794309192534058
731.0,37.69373783341939,16.591283682692872,0.2,188.46868916709695,82.95641841346435,187.54361923470603,8.41457141524151,1.4285278756972524,0.4401602132432455,0.995091651899957,0.44016021324324556,5.0,0.2316024063032526,0.6917271303640592
732.0,6.019205457775874,5.745049960343194,0.04,150.48013644439683,143.62624900857986,150.2437954983342,0.896290966204545,0.30350067740093745,0.9544532082588222,0.9984294209744423,0.9544532082588221,25.0,-0.6070013548018749,0.1906423620377347
735.0,23.915701989191824,14.644447779355788,0.1,239.15701989191822,146.44447779355787,237.80863976150346,0.922329471003401,0.7650940606556828,0.6123361039527095,0.9943619462601426,0.6123361039527095,20.0,-0.8354118147923324,0.22853552555532344
737.0,7.293426220553455,6.850571824950458,0.04,182.33565551383637,171.26429562376143,181.95388448314412,1.0065886138227778,0.42632137405832615,0.9392803351660707,0.9979062184540024,0.9392803351660708,0.0,0.8526427481166523,0.5290217800207795
741.0,11.406400934758667,11.036059734355325,0.12,95.0533411229889,91.96716445296104,95.04167010396269,1.1881934573612374,0.2732157705230882,0.9675321600107178,0.99987721610952,0.967532160010718,0.0,-0.15084392519041084,0.0847837283149897
742.0,2.7043513561148007,2.6752098177830748,0.04,67.60878390287002,66.88024544457687,67.5836618870668,0.19640500947169773,0.14809068951565862,0.9892242040717698,0.9996284208300609,0.9892242040717697,0.0,-0.29618137903131725,0.19485112556140932
743.0,20.69180891525414,8.85500607286463,0.12,172.43174096045118,73.79171727387191,172.25850808899128,6.5553367048849625,1.7618010119380496,0.4279474119025263,0.9989953539267481,0.42794741190252633,16.666666666666668,-0.6329633230861631,0.540853847311014
745.0,7.359020008879696,5.318463452309182,0.04,183.9755002219924,132.96158630772953,182.21639974218962,2.163671573800022,0.8437213792122783,0.7227135468977804,0.9904383981688857,0.7227135468977806,0.0,1.6874427584245566,0.7394135421948748
746.0,0.0,0.0,0.0,0.0,0.0,0.0,0.0,,0.0,0.0,0.0,0.0,,
747.0,0.0,0.0,0.0,0.0,0.0,0.0,0.0,,0.0,0.0,0.0,0.0,,
748.0,11.562628704666313,5.7434241154880254,0.08,144.5328588083289,71.79280144360031,143.7734122782067,4.1043541467273865,0.8198594190571976,0.49672304301963444,0.9947455095236901,0.4967230430196345,0.0,0.8536955126273149,0.4026495800061076
749.0,1.9271872501024987,1.5985443797123384,0.04,48.17968125256247,39.96360949280846,47.89636843326167,0.23836605344221853,2.294910657093926,0.8294701927004337,0.9941196618172784,0.8294701927004337,0.0,4.305126372766304,17.430925211797337
750.0,11.378962956723626,10.915299635671243,0.06,189.64938261206044,181.92166059452072,189.6493826120604,1.4901448630255367,0.2612141245842578,0.9592525854231371,0.9999999999999999,0.9592525854231371,0.0,0.2695515791630575,0.09781274754323838
752.0,1.0880417881216213,1.0517854136688543,0.04,27.201044703040534,26.294635341721357,27.16978920782263,0.12059909334348853,0.2967850858888449,0.9666774062829337,0.9988509450442391,0.9666774062829337,0.0,0.5935701717776898,0.7354935943136877
757.0,0.0,0.0,0.0,0.0,0.0,0.0,0.0,,0.0,0.0,0.0,0.0,,
758.0,0.0,0.0,0.0,0.0,0.0,0.0,0.0,,0.0,0.0,0.0,0.0,,
